priority_rank,name,score,segment,industry,total_jobs,active_jobs,avg_salary,recommended_tier,suggested_hook,is_warm_intro,is_government
1,Maplesfs Service Company Limited,83,Fund Administration & Corporate Services,Financial and Insurance Activities,89,40,0,Enterprise,You posted 89 jobs last year. careers.ky gives you direct access to Caymanian talent for every one of them.,✓,
2,ISLAND TASTE GROUP LTD,83,Other Services,Financial and Insurance Activities,58,3,0,Enterprise,You posted 58 jobs last year. careers.ky gives you direct access to Caymanian talent for every one of them.,,
3,Grand Cayman Marriott Beach Resort,79,Hotels & Resorts,Accommodation and Food Service Activities,76,27,60975,Enterprise,You posted 76 jobs last year. careers.ky gives you direct access to Caymanian talent for every one of them.,,
4,Rawlinson & Hunter Limited,78,Other Services,Financial and Insurance Activities,17,13,100000,Pro,"17 positions at 100000K avg. careers.ky: direct to talent, zero recruiter fees.",,
5,Walkers Professional Services,78,Offshore Law Firms,Financial and Insurance Activities,16,7,132500,Pro,"16 positions at 132500K avg. careers.ky: direct to talent, zero recruiter fees.",✓,
6,Greenlight Reinsurance; Ltd.,78,"Insurance (Brokers, Captive, Underwriters)",Financial and Insurance Activities,11,5,137500,Pro,"11 positions at 137500K avg. careers.ky: direct to talent, zero recruiter fees.",,
7,Prosecco Limited,76,Other Services,Financial and Insurance Activities,28,20,0,Enterprise,"28 positions at 0K avg. careers.ky: direct to talent, zero recruiter fees.",,
8,Butterfield Bank (cayman) Limited,76,Banking & Retail Finance,Financial and Insurance Activities,26,14,0,Enterprise,"26 positions at 0K avg. careers.ky: direct to talent, zero recruiter fees.",,
9,Intertrust Holding (cayman) Limited,76,Fund Administration & Corporate Services,Financial and Insurance Activities,22,9,0,Enterprise,"22 positions at 0K avg. careers.ky: direct to talent, zero recruiter fees.",,
10,Harmonic Fund Services,76,Fund Administration & Corporate Services,Financial and Insurance Activities,21,15,0,Enterprise,"21 positions at 0K avg. careers.ky: direct to talent, zero recruiter fees.",,
11,The Ritz Carlton Hotel,75,Automotive & Marine,Accommodation and Food Service Activities,163,92,52972,Enterprise,You posted 163 jobs last year. careers.ky gives you direct access to Caymanian talent for every one of them.,,
12,Arboretum Services Limited,75,Other Services,Professional,80,44,106429,Enterprise,"80 positions at CI$106,429 avg. That's CI$1,702,000+ in recruiter fees. careers.ky: CI$9,588/year Enterprise.",,
13,Maples Group,75,Fund Administration & Corporate Services,Professional,71,43,100400,Enterprise,"71 positions at CI$100,400 avg. That's CI$1,425,000+ in recruiter fees. careers.ky: CI$9,588/year Enterprise.",✓,
14,Walkers,75,Offshore Law Firms,Professional,59,32,131667,Enterprise,"59 positions at CI$131,667 avg. That's CI$1,553,000+ in recruiter fees. careers.ky: CI$9,588/year Enterprise.",✓,
15,Cayman Prep And High School,73,Education & Training,Education,67,25,0,Enterprise,You posted 67 jobs last year. careers.ky gives you direct access to Caymanian talent for every one of them.,,
16,Foster's Food Fair Ltd.,72,Grocery & Retail,Wholesale and Retail Trade; Repair of Motor Vehicles and Motorcycles,104,65,55292,Enterprise,You posted 104 jobs last year. careers.ky gives you direct access to Caymanian talent for every one of them.,,
17,Caribbean Utilities Company Ltd,72,Utilities & Telecoms,Electricity,64,40,71278,Enterprise,You posted 64 jobs last year. careers.ky gives you direct access to Caymanian talent for every one of them.,,
18,Khrg Cayman Employer Ltd,70,Other Services,Accommodation and Food Service Activities,136,57,0,Enterprise,You posted 136 jobs last year. careers.ky gives you direct access to Caymanian talent for every one of them.,,
19,Handful of Purpose Gardening & Maintenance Ltd T/A A&T Construction and Maintenance Services,70,Construction & Contractors,Construction,88,32,42120,Enterprise,You posted 88 jobs last year. careers.ky gives you direct access to Caymanian talent for every one of them.,,
20,Pyramid Cayman Hotel Services,70,Hotels & Resorts,Accommodation and Food Service Activities,80,17,0,Enterprise,You posted 80 jobs last year. careers.ky gives you direct access to Caymanian talent for every one of them.,,
21,Orchid Development Ltd,70,Real Estate & Property Management,Real Estate Activities,26,12,0,Enterprise,"26 hires. careers.ky direct: eliminate recruiter fees (~CI$78,000 saved annually).",,
22,Kirk Market,69,Grocery & Retail,Wholesale and Retail Trade; Repair of Motor Vehicles and Motorcycles,76,33,29813,Enterprise,You posted 76 jobs last year. careers.ky gives you direct access to Caymanian talent for every one of them.,,
23,Ogier,68,Offshore Law Firms,Professional,38,27,185000,Enterprise,38 hires. careers.ky takes the work permit headache out. Skip the recruiter middleman.,✓,
24,Conyers Dill & Pearman,68,Offshore Law Firms,Professional,25,8,108000,Enterprise,25 hires. careers.ky takes the work permit headache out. Skip the recruiter middleman.,,
25,Campbells,68,Other Services,Professional,23,9,285000,Enterprise,23 hires. careers.ky takes the work permit headache out. Skip the recruiter middleman.,✓,
26,Carey Olsen Cayman Ltd,68,Offshore Law Firms,Professional,23,15,225000,Enterprise,23 hires. careers.ky takes the work permit headache out. Skip the recruiter middleman.,,
27,The Wellness Centre Ltd,68,Healthcare & Medical,Human Health and Social Work Activities,21,9,36000,Enterprise,"Medical recruitment shouldn't cost CI$151,200+. careers.ky: streamlined hiring, same quality talent.",,
28,Cayman Dental Services,68,Healthcare & Medical,Human Health and Social Work Activities,11,6,144000,Pro,"Medical recruitment shouldn't cost CI$316,800+. careers.ky: streamlined hiring, same quality talent.",,
29,Integra Healthcare Ltd,68,Healthcare & Medical,Human Health and Social Work Activities,11,7,276000,Pro,"Medical recruitment shouldn't cost CI$607,200+. careers.ky: streamlined hiring, same quality talent.",,
30,Tranel Group Ltd,67,Construction & Contractors,Construction,46,15,65000,Enterprise,"46 positions, price-sensitive budget. careers.ky eliminates recruiter markup entirely.",,
31,Iss (cayman) Ltd.,66,Education & Training,Education,41,18,0,Enterprise,41 teaching + admin roles. careers.ky connects you with qualified local talent faster.,,
32,Our House Cayman Ltd.,66,Other Services,Financial and Insurance Activities,18,9,0,Pro,"18 positions at 0K avg. careers.ky: direct to talent, zero recruiter fees.",,
33,Artex Risk Solutions (cayman) Limited,66,"Insurance (Brokers, Captive, Underwriters)",Financial and Insurance Activities,15,8,0,Pro,"15 positions at 0K avg. careers.ky: direct to talent, zero recruiter fees.",,
34,Rbc Royal Bank (cayman) Limited,66,Banking & Retail Finance,Financial and Insurance Activities,14,6,0,Pro,"14 positions at 0K avg. careers.ky: direct to talent, zero recruiter fees.",,
35,Cayman National Corporation,66,Other Services,Financial and Insurance Activities,14,6,0,Pro,"14 positions at 0K avg. careers.ky: direct to talent, zero recruiter fees.",,
36,Cayman First Insurance Company Limited,66,"Insurance (Brokers, Captive, Underwriters)",Financial and Insurance Activities,13,3,0,Pro,"13 positions at 0K avg. careers.ky: direct to talent, zero recruiter fees.",,
37,Vistra (cayman) Limited,66,Fund Administration & Corporate Services,Financial and Insurance Activities,11,8,0,Pro,"11 positions at 0K avg. careers.ky: direct to talent, zero recruiter fees.",,
38,Mufg Alternative Fund Services (cayman) Limited,66,Fund Administration & Corporate Services,Financial and Insurance Activities,10,9,0,Pro,"10 positions at 0K avg. careers.ky: direct to talent, zero recruiter fees.",,
39,Davenport Development Property Management & Services Ltd. (holding Company),66,Real Estate & Property Management,Financial and Insurance Activities,10,1,0,Pro,"10 positions at 0K avg. careers.ky: direct to talent, zero recruiter fees.",,
40,Roper Enterprises Ltd,65,Other Services,Administrative and Support Service Activities,50,22,23400,Enterprise,You posted 50 jobs last year. careers.ky gives you direct access to Caymanian talent for every one of them.,,
41,Progressive Distributors Ltd.,65,Other Services,Wholesale and Retail Trade; Repair of Motor Vehicles and Motorcycles,43,21,45135,Enterprise,43 retail + logistics posts. careers.ky gives you direct pipeline year-round.,,
42,Blue Cilantro Limited,65,Other Services,Accommodation and Food Service Activities,37,11,20768,Enterprise,"You posted 37 jobs for seasonal staff. careers.ky: instant access, no recruiter markup.",,
43,Jefferson Pizza Services Ltd,65,Restaurants & F&B,Accommodation and Food Service Activities,34,12,31243,Enterprise,"You posted 34 jobs for seasonal staff. careers.ky: instant access, no recruiter markup.",,
44,The Security Centre Ltd,65,Security Services,Administrative and Support Service Activities,27,10,110000,Enterprise,"27 hires. careers.ky direct: eliminate recruiter fees (~CI$81,000 saved annually).",,
45,Palm Sunset Ltd,65,Other Services,Accommodation and Food Service Activities,20,11,25009,Enterprise,"You posted 20 jobs for seasonal staff. careers.ky: instant access, no recruiter markup.",,
46,Agl Group Ltd T/a Docuplus Agency,63,Utilities & Telecoms,Professional,102,43,0,Enterprise,You posted 102 jobs last year. careers.ky gives you direct access to Caymanian talent for every one of them.,,
47,KEMPA HOME INTERNATIONAL LTD T/A KEMPA HOME,63,Other Services,Arts,69,64,0,Enterprise,You posted 69 jobs last year. careers.ky gives you direct access to Caymanian talent for every one of them.,,
48,Ey Cayman Ltd.t/a Ey,63,Accounting & Audit (Big 4 + local),Professional,55,47,0,Enterprise,You posted 55 jobs last year. careers.ky gives you direct access to Caymanian talent for every one of them.,,
49,Expertise Limited,63,Other Services,Professional,54,26,0,Enterprise,You posted 54 jobs last year. careers.ky gives you direct access to Caymanian talent for every one of them.,,
50,Cayman Brac Beach Resort,63,Hotels & Resorts,Accommodation and Food Service Activities,47,24,0,Enterprise,"You posted 47 jobs for seasonal staff. careers.ky: instant access, no recruiter markup.",,
51,Gyro Hut Ltd T/a Al La Kebab,63,Other Services,Accommodation and Food Service Activities,39,23,0,Enterprise,"You posted 39 jobs for seasonal staff. careers.ky: instant access, no recruiter markup.",,
52,Mise En Place Ltd. T/a Mise En Place,63,Other Services,Accommodation and Food Service Activities,35,15,0,Enterprise,"You posted 35 jobs for seasonal staff. careers.ky: instant access, no recruiter markup.",,
53,Flowers Restaurateurs (1998) Ltd T/a The Brasserie,63,Other Services,Accommodation and Food Service Activities,27,17,0,Enterprise,"You posted 27 jobs for seasonal staff. careers.ky: instant access, no recruiter markup.",,
54,Thompson Resorts,63,Other Services,Accommodation and Food Service Activities,27,15,0,Enterprise,"You posted 27 jobs for seasonal staff. careers.ky: instant access, no recruiter markup.",,
55,Caybec Resto 1 Ltd.,63,Other Services,Accommodation and Food Service Activities,25,13,0,Enterprise,"You posted 25 jobs for seasonal staff. careers.ky: instant access, no recruiter markup.",,
56,Island Naturals Ltd (coffee Shop/restaurant),63,Restaurants & F&B,Accommodation and Food Service Activities,24,8,0,Enterprise,"You posted 24 jobs for seasonal staff. careers.ky: instant access, no recruiter markup.",,
57,Peppers Smokehouse Ltd.,63,Restaurants & F&B,Accommodation and Food Service Activities,23,10,0,Enterprise,"You posted 23 jobs for seasonal staff. careers.ky: instant access, no recruiter markup.",,
58,Little Cayman Beach Resort,63,Hotels & Resorts,Accommodation and Food Service Activities,22,11,15350,Enterprise,"You posted 22 jobs for seasonal staff. careers.ky: instant access, no recruiter markup.",,
59,Morritts Properties Cayman Limited T/a Morritts Tortuga,63,Other Services,Accommodation and Food Service Activities,22,15,0,Enterprise,"You posted 22 jobs for seasonal staff. careers.ky: instant access, no recruiter markup.",,
60,Icoa Ltd,63,Other Services,Accommodation and Food Service Activities,22,11,0,Enterprise,"You posted 22 jobs for seasonal staff. careers.ky: instant access, no recruiter markup.",,
61,The Agency Group Ltd,62,Other Services,Administrative and Support Service Activities,55,17,21667,Enterprise,You posted 55 jobs last year. careers.ky gives you direct access to Caymanian talent for every one of them.,,
62,Cayman Distributors Limited,62,Other Services,Wholesale and Retail Trade; Repair of Motor Vehicles and Motorcycles,28,10,28080,Enterprise,28 retail + logistics posts. careers.ky gives you direct pipeline year-round.,,
63,Seven Mile Beach Dental Clinic,61,Healthcare & Medical,Human Health and Social Work Activities,10,5,52000,Pro,"Medical recruitment shouldn't cost CI$104,000+. careers.ky: streamlined hiring, same quality talent.",,
64,Real Deal Ltd,60,Other Services,Administrative and Support Service Activities,116,57,0,Enterprise,You posted 116 jobs last year. careers.ky gives you direct access to Caymanian talent for every one of them.,,
65,Hospitality Services Ltd. T/a Hospitality Services Ltd,60,Healthcare & Medical,Administrative and Support Service Activities,73,27,0,Enterprise,You posted 73 jobs last year. careers.ky gives you direct access to Caymanian talent for every one of them.,,
66,Market Street Ltd.,60,Grocery & Retail,Administrative and Support Service Activities,63,13,0,Enterprise,You posted 63 jobs last year. careers.ky gives you direct access to Caymanian talent for every one of them.,,
67,Pb Employee Co Ltd,60,Other Services,Administrative and Support Service Activities,61,26,0,Enterprise,You posted 61 jobs last year. careers.ky gives you direct access to Caymanian talent for every one of them.,,
68,Hurley's (grand Harbour) Ltd. T/a Hurley's Market Place,60,Accounting & Audit (Big 4 + local),Wholesale and Retail Trade; Repair of Motor Vehicles and Motorcycles,42,19,0,Enterprise,42 retail + logistics posts. careers.ky gives you direct pipeline year-round.,,
69,A. L. Thompson Building Supplies Ltd. T/a A. L. Thompson's,60,Other Services,Wholesale and Retail Trade; Repair of Motor Vehicles and Motorcycles,39,24,0,Enterprise,39 retail + logistics posts. careers.ky gives you direct pipeline year-round.,,
70,Tortuga Rum Company Limited,60,Other Services,Wholesale and Retail Trade; Repair of Motor Vehicles and Motorcycles,38,26,0,Enterprise,38 retail + logistics posts. careers.ky gives you direct pipeline year-round.,,
71,Associated Industries Ltd. T/a Parker's/scott Fences/ai Wholesale,60,Other Services,Wholesale and Retail Trade; Repair of Motor Vehicles and Motorcycles,31,14,0,Enterprise,31 retail + logistics posts. careers.ky gives you direct pipeline year-round.,,
72,Cayman Premix Limited T/a Supermix,60,Other Services,Wholesale and Retail Trade; Repair of Motor Vehicles and Motorcycles,29,15,0,Enterprise,29 retail + logistics posts. careers.ky gives you direct pipeline year-round.,,
73,Dac Ltd T/a Dac Plumbing & A/c Mechanical,60,Construction & Contractors,Wholesale and Retail Trade; Repair of Motor Vehicles and Motorcycles,27,8,0,Enterprise,27 retail + logistics posts. careers.ky gives you direct pipeline year-round.,,
74,Eurocar (cayman) Ltd.,60,Automotive & Marine,Wholesale and Retail Trade; Repair of Motor Vehicles and Motorcycles,25,6,0,Enterprise,25 retail + logistics posts. careers.ky gives you direct pipeline year-round.,,
75,Kjr Group Ltd. T/a Islandwide Distributors,60,Other Services,Wholesale and Retail Trade; Repair of Motor Vehicles and Motorcycles,21,6,0,Enterprise,21 retail + logistics posts. careers.ky gives you direct pipeline year-round.,,
76,One Gt Services Limited,60,Real Estate & Property Management,Real Estate Activities,16,10,0,Pro,"16 hires. careers.ky direct: eliminate recruiter fees (~CI$48,000 saved annually).",,
77,Tuna Frenzy Ltd.,60,Real Estate & Property Management,Real Estate Activities,14,3,0,Pro,"14 hires. careers.ky direct: eliminate recruiter fees (~CI$42,000 saved annually).",,
78,Surebuilt Construction Ltd.,60,Construction & Contractors,Construction,14,4,135000,Pro,"14 positions, price-sensitive budget. careers.ky eliminates recruiter markup entirely.",,
79,Maverick Group Ltd T/a Turnkey,60,Accounting & Audit (Big 4 + local),Real Estate Activities,12,7,0,Pro,"12 hires. careers.ky direct: eliminate recruiter fees (~CI$36,000 saved annually).",,
80,T's Spot Property Management & Maintenance,60,Real Estate & Property Management,Real Estate Activities,10,1,0,Pro,"10 hires. careers.ky direct: eliminate recruiter fees (~CI$30,000 saved annually).",,
81,Island Companies Ltd.,59,Other Services,Wholesale and Retail Trade; Repair of Motor Vehicles and Motorcycles,12,5,60000,Pro,12 retail + logistics posts. careers.ky gives you direct pipeline year-round.,,
82,Sea Grape Secretarial Service,58,Other Services,Professional,43,22,27118,Enterprise,43 hires. careers.ky takes the work permit headache out. Skip the recruiter middleman.,,
83,Red Sail Sports Cayman Ltd,58,Transportation & Logistics,Transportation and Storage,39,20,33800,Enterprise,"39 hires. careers.ky direct: eliminate recruiter fees (~CI$117,000 saved annually).",,
84,Teann Lara Bodden T/a Caribcay Construction,58,Construction & Contractors,Construction,37,11,0,Enterprise,"37 positions, price-sensitive budget. careers.ky eliminates recruiter markup entirely.",,
85,Prime Consulting Ltd,58,Professional Consulting,Professional,32,24,26720,Enterprise,32 hires. careers.ky takes the work permit headache out. Skip the recruiter middleman.,,
86,Faithia Pars T/a D & F Unique Construction,58,Construction & Contractors,Construction,28,10,0,Enterprise,"28 positions, price-sensitive budget. careers.ky eliminates recruiter markup entirely.",,
87,Advance Fire & Plumbing Ltd.,58,Construction & Contractors,Construction,26,17,0,Enterprise,"26 positions, price-sensitive budget. careers.ky eliminates recruiter markup entirely.",,
88,Kcb Construction Ltd,58,Construction & Contractors,Construction,24,13,0,Enterprise,"24 positions, price-sensitive budget. careers.ky eliminates recruiter markup entirely.",,
89,Ricco Construction Ltd T/a Ricco Construction,58,Construction & Contractors,Construction,23,9,0,Enterprise,"23 positions, price-sensitive budget. careers.ky eliminates recruiter markup entirely.",,
90,Pro Stars Ltd T/a Prostars Construction,58,Construction & Contractors,Construction,23,8,0,Enterprise,"23 positions, price-sensitive budget. careers.ky eliminates recruiter markup entirely.",,
91,Warren Greene Ltd.,58,Construction & Contractors,Construction,23,5,0,Enterprise,"23 positions, price-sensitive budget. careers.ky eliminates recruiter markup entirely.",,
92,Dew Point Air Conditioning & Refrigeration Ltd.,58,Construction & Contractors,Construction,23,10,0,Enterprise,"23 positions, price-sensitive budget. careers.ky eliminates recruiter markup entirely.",,
93,Itc International Ltd,58,Construction & Contractors,Construction,22,7,0,Enterprise,"22 positions, price-sensitive budget. careers.ky eliminates recruiter markup entirely.",,
94,Eccleston Electric,58,Construction & Contractors,Construction,21,11,0,Enterprise,"21 positions, price-sensitive budget. careers.ky eliminates recruiter markup entirely.",,
95,Build Cayman Ltd,58,Construction & Contractors,Construction,21,6,0,Enterprise,"21 positions, price-sensitive budget. careers.ky eliminates recruiter markup entirely.",,
96,Angella Thompson,58,Construction & Contractors,Construction,21,12,0,Enterprise,"21 positions, price-sensitive budget. careers.ky eliminates recruiter markup entirely.",,
97,Digicel Cayman Ltd.,58,Technology & Fintech,Information and Communication,14,7,0,Pro,"14 hires. careers.ky direct: eliminate recruiter fees (~CI$42,000 saved annually).",,
98,Westtel Ltd T/a Logic,58,Technology & Fintech,Information and Communication,12,4,0,Pro,"12 hires. careers.ky direct: eliminate recruiter fees (~CI$36,000 saved annually).",,
99,Reed Consulting Engineers,58,Professional Consulting,Professional,10,6,110906,Pro,10 hires. careers.ky takes the work permit headache out. Skip the recruiter middleman.,,
100,Encompass Ltd,57,Construction & Contractors,Construction,15,13,87500,Pro,"15 positions, price-sensitive budget. careers.ky eliminates recruiter markup entirely.",,
101,Pricewaterhousecoopers,56,Other Services,Professional,38,17,0,Enterprise,38 hires. careers.ky takes the work permit headache out. Skip the recruiter middleman.,,
102,Went Global Ltd T/a Fastsigns 1900,56,Other Services,Arts,38,15,0,Enterprise,"38 hires. careers.ky direct: eliminate recruiter fees (~CI$114,000 saved annually).",,
103,Geoffrey Dixon T/a Zippy Farm,56,Accounting & Audit (Big 4 + local),Agriculture,37,15,0,Enterprise,"37 hires. careers.ky direct: eliminate recruiter fees (~CI$111,000 saved annually).",,
104,Dart People Ltd. T/a Dart,56,Other Services,Professional,34,14,0,Enterprise,34 hires. careers.ky takes the work permit headache out. Skip the recruiter middleman.,,
105,Cellular World Ltd T/a Cellular World Repairs,56,Other Services,Other Service Activities,32,12,0,Enterprise,"32 hires. careers.ky direct: eliminate recruiter fees (~CI$96,000 saved annually).",,
106,Kpmg,56,Accounting & Audit (Big 4 + local),Professional,27,13,0,Enterprise,27 hires. careers.ky takes the work permit headache out. Skip the recruiter middleman.,,
107,Scott Development Co. Ltd,56,Transportation & Logistics,Transportation and Storage,25,16,0,Enterprise,"25 hires. careers.ky direct: eliminate recruiter fees (~CI$75,000 saved annually).",,
108,Cayman Spirits Company,56,Manufacturing & Industrial,Manufacturing,24,17,0,Enterprise,"24 hires. careers.ky direct: eliminate recruiter fees (~CI$72,000 saved annually).",,
109,Deloitte & Touche T/a Deloitte,56,Accounting & Audit (Big 4 + local),Professional,24,9,0,Enterprise,24 hires. careers.ky takes the work permit headache out. Skip the recruiter middleman.,,
110,Harneys (harney Westwood & Riegels / Harneys Fiduciary (cayman) Limited),56,Offshore Law Firms,Professional,24,13,0,Enterprise,24 hires. careers.ky takes the work permit headache out. Skip the recruiter middleman.,,
111,The Captain's Bakery (cayman) Limited,56,Manufacturing & Industrial,Manufacturing,23,18,0,Enterprise,"23 hires. careers.ky direct: eliminate recruiter fees (~CI$69,000 saved annually).",,
112,Travers Thorp Alberga,56,Other Services,Professional,20,13,0,Enterprise,20 hires. careers.ky takes the work permit headache out. Skip the recruiter middleman.,,
113,Dara Keogh & Greg O'driscoll T/a Grant Thornton,56,Accounting & Audit (Big 4 + local),Professional,20,4,0,Enterprise,20 hires. careers.ky takes the work permit headache out. Skip the recruiter middleman.,,
114,Cayman Aba Ltd.,56,Healthcare & Medical,Human Health and Social Work Activities,19,7,0,Pro,"Medical recruitment shouldn't cost CI$190,000+. careers.ky: streamlined hiring, same quality talent.",,
115,Triple C School,56,Education & Training,Education,16,6,0,Pro,16 teaching + admin roles. careers.ky connects you with qualified local talent faster.,,
116,Ctmh Doctors Hospital,56,Healthcare & Medical,Human Health and Social Work Activities,15,3,0,Pro,"Medical recruitment shouldn't cost CI$150,000+. careers.ky: streamlined hiring, same quality talent.",,
117,The Education Connection Ltd. T/a Hope Academy,56,Education & Training,Education,14,13,0,Pro,14 teaching + admin roles. careers.ky connects you with qualified local talent faster.,,
118,Rehoboth Physio & Paincare Holdings Ltd; T/a Rehoboth Group Of Companies,56,Healthcare & Medical,Human Health and Social Work Activities,13,11,0,Pro,"Medical recruitment shouldn't cost CI$130,000+. careers.ky: streamlined hiring, same quality talent.",,
119,Calvary Baptist Christian Academy Ltd.,56,Education & Training,Education,12,2,0,Pro,12 teaching + admin roles. careers.ky connects you with qualified local talent faster.,,
120,Clever Fish Limited T/a Clever Fish,56,Education & Training,Education,12,3,0,Pro,12 teaching + admin roles. careers.ky connects you with qualified local talent faster.,,
121,Grand Cayman Primary School Ltd. T/A Shining Stars Childhood Care & Education Center,56,Education & Training,Education,12,2,0,Pro,12 teaching + admin roles. careers.ky connects you with qualified local talent faster.,,
122,Total Health Ltd.,56,Healthcare & Medical,Human Health and Social Work Activities,11,7,0,Pro,"Medical recruitment shouldn't cost CI$110,000+. careers.ky: streamlined hiring, same quality talent.",,
123,Smiles Dental Clinic Ltd.,56,Healthcare & Medical,Human Health and Social Work Activities,11,5,0,Pro,"Medical recruitment shouldn't cost CI$110,000+. careers.ky: streamlined hiring, same quality talent.",,
124,Precious Gems Pre-school And After Care Centre,56,Education & Training,Education,10,4,0,Pro,10 teaching + admin roles. careers.ky connects you with qualified local talent faster.,,
125,The Pines Retirement Home,56,Healthcare & Medical,Human Health and Social Work Activities,10,8,0,Pro,"Medical recruitment shouldn't cost CI$100,000+. careers.ky: streamlined hiring, same quality talent.",,
126,Little Trotters,56,Education & Training,Education,10,5,0,Pro,10 teaching + admin roles. careers.ky connects you with qualified local talent faster.,,
127,Kirk Freeport Plaza Ltd,56,Other Services,Financial and Insurance Activities,7,4,50000,Pro,"7 positions at 50000K avg. careers.ky: direct to talent, zero recruiter fees.",,
128,Ocean Frontiers Ltd.,55,Other Services,Administrative and Support Service Activities,29,17,33003,Enterprise,"29 hires. careers.ky direct: eliminate recruiter fees (~CI$87,000 saved annually).",,
129,Cayman Airways Ltd.,55,Transportation & Logistics,Transportation and Storage,19,12,68974,Pro,"19 hires. careers.ky direct: eliminate recruiter fees (~CI$57,000 saved annually).",,
130,Island Bites Ltd.,55,Other Services,Accommodation and Food Service Activities,19,5,26910,Pro,"You posted 19 jobs for seasonal staff. careers.ky: instant access, no recruiter markup.",,
131,Pyramid Sunshine Hotel Services Ltd.,55,Other Services,Accommodation and Food Service Activities,14,14,21750,Pro,"You posted 14 jobs for seasonal staff. careers.ky: instant access, no recruiter markup.",,
132,The Watermark Strata 1082,55,Other Services,Activities of Households as Employers; Undifferentiated Goods- And Services-Producing Activities of Households for Own Use,14,7,72000,Pro,"14 hires. careers.ky direct: eliminate recruiter fees (~CI$42,000 saved annually).",,
133,ISS (CAYMAN) LTD.,55,Other Services,Unknown,12,12,73917,Pro,"12 hires. careers.ky direct: eliminate recruiter fees (~CI$36,000 saved annually).",,
134,Mourant Cayman Limited,55,Offshore Law Firms,Professional,12,5,95000,Pro,12 hires. careers.ky takes the work permit headache out. Skip the recruiter middleman.,,
135,Cayman Prep and High School,55,Education & Training,Unknown,11,11,72477,Pro,"11 hires. careers.ky direct: eliminate recruiter fees (~CI$33,000 saved annually).",,
136,Marco T. Duarte-ezekiel T/a Efficient Administrative Assistants,53,Other Services,Administrative and Support Service Activities,33,12,0,Enterprise,"33 hires. careers.ky direct: eliminate recruiter fees (~CI$99,000 saved annually).",,
137,Chester Frederick T/a Cayman Paradise Tours,53,Transportation & Logistics,Administrative and Support Service Activities,30,3,0,Enterprise,"30 hires. careers.ky direct: eliminate recruiter fees (~CI$90,000 saved annually).",,
138,Richard Parchment,53,Other Services,Administrative and Support Service Activities,27,25,0,Enterprise,"27 hires. careers.ky direct: eliminate recruiter fees (~CI$81,000 saved annually).",,
139,Dreamland Investors Limited T/a Property Doctors,53,Real Estate & Property Management,Administrative and Support Service Activities,24,4,0,Enterprise,"24 hires. careers.ky direct: eliminate recruiter fees (~CI$72,000 saved annually).",,
140,Ak Services Limited,53,Other Services,Administrative and Support Service Activities,20,5,0,Enterprise,"20 hires. careers.ky direct: eliminate recruiter fees (~CI$60,000 saved annually).",,
141,Reliable Industries Ltd,53,Other Services,Administrative and Support Service Activities,20,10,0,Enterprise,"20 hires. careers.ky direct: eliminate recruiter fees (~CI$60,000 saved annually).",,
142,Mn Ventures Ltd T/a Karoo,53,Other Services,Accommodation and Food Service Activities,19,6,0,Pro,"You posted 19 jobs for seasonal staff. careers.ky: instant access, no recruiter markup.",,
143,Nm Ventures Ltd T/a Abacus,53,Other Services,Accommodation and Food Service Activities,19,6,0,Pro,"You posted 19 jobs for seasonal staff. careers.ky: instant access, no recruiter markup.",,
144,Ccmn Ltd. T/a Loco,53,Other Services,Accommodation and Food Service Activities,18,6,0,Pro,"You posted 18 jobs for seasonal staff. careers.ky: instant access, no recruiter markup.",,
145,Good Old Days Restaurant Ltd.,53,Restaurants & F&B,Accommodation and Food Service Activities,17,7,0,Pro,"You posted 17 jobs for seasonal staff. careers.ky: instant access, no recruiter markup.",,
146,West Bay Hospitality Ltd,53,Healthcare & Medical,Accommodation and Food Service Activities,16,5,0,Pro,"You posted 16 jobs for seasonal staff. careers.ky: instant access, no recruiter markup.",,
147,Bacaro Ltd,53,Automotive & Marine,Accommodation and Food Service Activities,16,13,0,Pro,"You posted 16 jobs for seasonal staff. careers.ky: instant access, no recruiter markup.",,
148,TELL-ALL LTD. T/A GRAND OLD HOUSE,53,Other Services,Accommodation and Food Service Activities,16,12,0,Pro,"You posted 16 jobs for seasonal staff. careers.ky: instant access, no recruiter markup.",,
149,Ttrg Ltd,53,Other Services,Accommodation and Food Service Activities,15,13,0,Pro,"You posted 15 jobs for seasonal staff. careers.ky: instant access, no recruiter markup.",,
150,Sunset House Limited,53,Other Services,Accommodation and Food Service Activities,14,10,0,Pro,"You posted 14 jobs for seasonal staff. careers.ky: instant access, no recruiter markup.",,
151,Azzip Ltd. T/a Pizza Hut,53,Restaurants & F&B,Accommodation and Food Service Activities,13,6,0,Pro,"You posted 13 jobs for seasonal staff. careers.ky: instant access, no recruiter markup.",,
152,Cayman Cabana Ltd,53,Other Services,Accommodation and Food Service Activities,13,11,0,Pro,"You posted 13 jobs for seasonal staff. careers.ky: instant access, no recruiter markup.",,
153,The Wharf Restaurant Ltd,53,Restaurants & F&B,Accommodation and Food Service Activities,13,8,0,Pro,"You posted 13 jobs for seasonal staff. careers.ky: instant access, no recruiter markup.",,
154,Mykonos Ltd,53,Other Services,Accommodation and Food Service Activities,13,3,0,Pro,"You posted 13 jobs for seasonal staff. careers.ky: instant access, no recruiter markup.",,
155,Tukka Restaurant T/a Tukka,53,Restaurants & F&B,Accommodation and Food Service Activities,13,2,0,Pro,"You posted 13 jobs for seasonal staff. careers.ky: instant access, no recruiter markup.",,
156,Nova Cayman Holding Ltd,53,Other Services,Accommodation and Food Service Activities,12,4,0,Pro,"You posted 12 jobs for seasonal staff. careers.ky: instant access, no recruiter markup.",,
157,We Ltd T/a Rum Point Club,53,Other Services,Accommodation and Food Service Activities,12,5,0,Pro,"You posted 12 jobs for seasonal staff. careers.ky: instant access, no recruiter markup.",,
158,Cracked Conch Ltd T/a Cracked Conch Restaurant,53,Restaurants & F&B,Accommodation and Food Service Activities,12,7,0,Pro,"You posted 12 jobs for seasonal staff. careers.ky: instant access, no recruiter markup.",,
159,Fast Foods Company Ltd. T/a Kentucky Fried Chicken,53,Restaurants & F&B,Accommodation and Food Service Activities,12,1,0,Pro,"You posted 12 jobs for seasonal staff. careers.ky: instant access, no recruiter markup.",,
160,Popo Jebs Enterprises Ltd T/a Popo Jeb's Restaurant & Bar,53,Restaurants & F&B,Accommodation and Food Service Activities,12,4,0,Pro,"You posted 12 jobs for seasonal staff. careers.ky: instant access, no recruiter markup.",,
161,Eats Ltd. T/a Eats Crocodile Rock Cafe,53,Restaurants & F&B,Accommodation and Food Service Activities,12,1,0,Pro,"You posted 12 jobs for seasonal staff. careers.ky: instant access, no recruiter markup.",,
162,China Village Restaurant Ltd.,53,Restaurants & F&B,Accommodation and Food Service Activities,11,5,0,Pro,"You posted 11 jobs for seasonal staff. careers.ky: instant access, no recruiter markup.",,
163,Gladis Y. Espinal & Roger Espinal T/a Latin Taste Restaurant,53,Restaurants & F&B,Accommodation and Food Service Activities,10,5,0,Pro,"You posted 10 jobs for seasonal staff. careers.ky: instant access, no recruiter markup.",,
164,Island Innovations Ltd,53,Other Services,Accommodation and Food Service Activities,10,5,0,Pro,"You posted 10 jobs for seasonal staff. careers.ky: instant access, no recruiter markup.",,
165,The Animals Ltd T/a The Bird,53,Other Services,Accommodation and Food Service Activities,10,2,0,Pro,"You posted 10 jobs for seasonal staff. careers.ky: instant access, no recruiter markup.",,
166,Food Fanatics Ltd T/a Union Bar & Grill,53,Restaurants & F&B,Accommodation and Food Service Activities,10,4,0,Pro,"You posted 10 jobs for seasonal staff. careers.ky: instant access, no recruiter markup.",,
167,La Havana Limited. T/a Fidel Murphys,53,Other Services,Accommodation and Food Service Activities,10,7,0,Pro,"You posted 10 jobs for seasonal staff. careers.ky: instant access, no recruiter markup.",,
168,Calypso Grill Restaurant & Bar,53,Restaurants & F&B,Accommodation and Food Service Activities,10,1,0,Pro,"You posted 10 jobs for seasonal staff. careers.ky: instant access, no recruiter markup.",,
169,Burger Holdings Ltd,53,Other Services,Accommodation and Food Service Activities,10,2,0,Pro,"You posted 10 jobs for seasonal staff. careers.ky: instant access, no recruiter markup.",,
170,Bra Ltd,53,Other Services,Accommodation and Food Service Activities,10,2,0,Pro,"You posted 10 jobs for seasonal staff. careers.ky: instant access, no recruiter markup.",,
171,Kai One Ltd,53,Other Services,Accommodation and Food Service Activities,10,3,0,Pro,"You posted 10 jobs for seasonal staff. careers.ky: instant access, no recruiter markup.",,
172,Food For Thought Ltd T/a Food For Thought,53,Restaurants & F&B,Accommodation and Food Service Activities,10,4,0,Pro,"You posted 10 jobs for seasonal staff. careers.ky: instant access, no recruiter markup.",,
173,Reflections Discount Club Ltd,52,Other Services,Wholesale and Retail Trade; Repair of Motor Vehicles and Motorcycles,17,10,23400,Pro,17 retail + logistics posts. careers.ky gives you direct pipeline year-round.,,
174,Cayman Cost U Less Ltd,52,Grocery & Retail,Wholesale and Retail Trade; Repair of Motor Vehicles and Motorcycles,16,10,31083,Pro,16 retail + logistics posts. careers.ky gives you direct pipeline year-round.,,
175,Bento Ltd,51,Transportation & Logistics,Transportation and Storage,14,4,47993,Pro,"14 hires. careers.ky direct: eliminate recruiter fees (~CI$42,000 saved annually).",,
176,PB EMPLOYEE CO LTD,51,Other Services,Unknown,11,11,51475,Pro,"11 hires. careers.ky direct: eliminate recruiter fees (~CI$33,000 saved annually).",,
177,KHRG Cayman Employer Ltd,51,Other Services,Unknown,11,11,55651,Pro,"11 hires. careers.ky direct: eliminate recruiter fees (~CI$33,000 saved annually).",,
178,Patria Finance Limited,51,Other Services,Financial and Insurance Activities,9,1,0,Pro,"9 positions at 0K avg. careers.ky: direct to talent, zero recruiter fees.",,
179,Miracle Brokers International,51,Other Services,Financial and Insurance Activities,9,4,0,Pro,"9 positions at 0K avg. careers.ky: direct to talent, zero recruiter fees.",,
180,Ocorian Trust (cayman) Limited,51,Other Services,Financial and Insurance Activities,9,9,0,Pro,"9 positions at 0K avg. careers.ky: direct to talent, zero recruiter fees.",,
181,Aon Insurance Managers (cayman) Ltd,51,"Insurance (Brokers, Captive, Underwriters)",Financial and Insurance Activities,9,1,0,Pro,"9 positions at 0K avg. careers.ky: direct to talent, zero recruiter fees.",,
182,Saxon Administration Ltd. T/a Saxon Pension Services,51,Other Services,Financial and Insurance Activities,8,6,0,Pro,"8 positions at 0K avg. careers.ky: direct to talent, zero recruiter fees.",,
183,Scotiabank & Trust (cayman) Ltd,51,Banking & Retail Finance,Financial and Insurance Activities,8,4,0,Pro,"8 positions at 0K avg. careers.ky: direct to talent, zero recruiter fees.",,
184,Cayman Ams Immigration Consulting Ltd./Banco Bradesco S.A. Grand Cayman Branch,51,Professional Consulting,Financial and Insurance Activities,8,3,0,Pro,"8 positions at 0K avg. careers.ky: direct to talent, zero recruiter fees.",,
185,Marfire Consulting Limited,51,Professional Consulting,Financial and Insurance Activities,8,3,0,Pro,"8 positions at 0K avg. careers.ky: direct to talent, zero recruiter fees.",,
186,The Citco Group Limited,51,Fund Administration & Corporate Services,Financial and Insurance Activities,8,2,0,Pro,"8 positions at 0K avg. careers.ky: direct to talent, zero recruiter fees.",,
187,Ffp (cayman) Ltd.,51,Other Services,Financial and Insurance Activities,7,4,0,Pro,"7 positions at 0K avg. careers.ky: direct to talent, zero recruiter fees.",,
188,Uniting Capital,51,Other Services,Financial and Insurance Activities,7,4,0,Pro,"7 positions at 0K avg. careers.ky: direct to talent, zero recruiter fees.",,
189,Suntera (cayman) Limited,51,Other Services,Financial and Insurance Activities,7,5,0,Pro,"7 positions at 0K avg. careers.ky: direct to talent, zero recruiter fees.",,
190,$mart Group Cayman Ltd T/a Buy $mart,50,Other Services,Wholesale and Retail Trade; Repair of Motor Vehicles and Motorcycles,19,13,0,Pro,19 retail + logistics posts. careers.ky gives you direct pipeline year-round.,,
191,Jacques Scott Group Ltd.,50,Other Services,Wholesale and Retail Trade; Repair of Motor Vehicles and Motorcycles,18,10,0,Pro,18 retail + logistics posts. careers.ky gives you direct pipeline year-round.,,
192,Kirkconnell Enterprises Ltd. T/a Kirk Home Centre,50,Other Services,Wholesale and Retail Trade; Repair of Motor Vehicles and Motorcycles,18,5,0,Pro,18 retail + logistics posts. careers.ky gives you direct pipeline year-round.,,
193,Cl Flowers & Sons Ltd.,50,Other Services,Wholesale and Retail Trade; Repair of Motor Vehicles and Motorcycles,18,12,0,Pro,18 retail + logistics posts. careers.ky gives you direct pipeline year-round.,,
194,Massive Equipment Rentals & Sales Ltd.,50,Other Services,Wholesale and Retail Trade; Repair of Motor Vehicles and Motorcycles,18,6,0,Pro,18 retail + logistics posts. careers.ky gives you direct pipeline year-round.,,
195,National Cement Ltd.,50,Other Services,Wholesale and Retail Trade; Repair of Motor Vehicles and Motorcycles,17,10,0,Pro,17 retail + logistics posts. careers.ky gives you direct pipeline year-round.,,
196,Wirl Trading Co Ltd T/a Brandsource Home Gallery,50,Other Services,Wholesale and Retail Trade; Repair of Motor Vehicles and Motorcycles,17,10,0,Pro,17 retail + logistics posts. careers.ky gives you direct pipeline year-round.,,
197,Rodney's Ltd,50,Accounting & Audit (Big 4 + local),Wholesale and Retail Trade; Repair of Motor Vehicles and Motorcycles,16,8,0,Pro,16 retail + logistics posts. careers.ky gives you direct pipeline year-round.,,
198,Brown's Holdings Ltd,50,Other Services,Wholesale and Retail Trade; Repair of Motor Vehicles and Motorcycles,16,7,0,Pro,16 retail + logistics posts. careers.ky gives you direct pipeline year-round.,,
199,Dmny Cayman Ltd,50,Other Services,Wholesale and Retail Trade; Repair of Motor Vehicles and Motorcycles,13,5,0,Pro,13 retail + logistics posts. careers.ky gives you direct pipeline year-round.,,
200,R&r Auto Ltd,50,Automotive & Marine,Wholesale and Retail Trade; Repair of Motor Vehicles and Motorcycles,13,9,0,Pro,13 retail + logistics posts. careers.ky gives you direct pipeline year-round.,,
201,Car Boutique T/a: Tony's Toys,50,Automotive & Marine,Wholesale and Retail Trade; Repair of Motor Vehicles and Motorcycles,13,3,0,Pro,13 retail + logistics posts. careers.ky gives you direct pipeline year-round.,,
202,G.T. AUTOMOTIVE LTD,50,Automotive & Marine,Wholesale and Retail Trade; Repair of Motor Vehicles and Motorcycles,13,8,0,Pro,13 retail + logistics posts. careers.ky gives you direct pipeline year-round.,,
203,Home And Outdoor Ltd.,50,Other Services,Wholesale and Retail Trade; Repair of Motor Vehicles and Motorcycles,13,6,0,Pro,13 retail + logistics posts. careers.ky gives you direct pipeline year-round.,,
204,Penha Image Duty Free Ltd,50,Other Services,Wholesale and Retail Trade; Repair of Motor Vehicles and Motorcycles,12,4,0,Pro,12 retail + logistics posts. careers.ky gives you direct pipeline year-round.,,
205,Maedac Supply Co. Ltd.,50,Other Services,Wholesale and Retail Trade; Repair of Motor Vehicles and Motorcycles,12,8,0,Pro,12 retail + logistics posts. careers.ky gives you direct pipeline year-round.,,
206,H & B Ii Ltd.,50,Other Services,Wholesale and Retail Trade; Repair of Motor Vehicles and Motorcycles,11,3,0,Pro,11 retail + logistics posts. careers.ky gives you direct pipeline year-round.,,
207,Car City Ltd. T/a Car City,50,Automotive & Marine,Wholesale and Retail Trade; Repair of Motor Vehicles and Motorcycles,11,6,0,Pro,11 retail + logistics posts. careers.ky gives you direct pipeline year-round.,,
208,Automotive Art (cayman) Ltd.,50,Automotive & Marine,Wholesale and Retail Trade; Repair of Motor Vehicles and Motorcycles,11,10,0,Pro,11 retail + logistics posts. careers.ky gives you direct pipeline year-round.,,
209,Evron Ltd T/a Valumed Pharmacy 1 And 2,50,Healthcare & Medical,Wholesale and Retail Trade; Repair of Motor Vehicles and Motorcycles,11,3,0,Pro,11 retail + logistics posts. careers.ky gives you direct pipeline year-round.,,
210,Kirk Office Equipment Ltd.,50,Other Services,Wholesale and Retail Trade; Repair of Motor Vehicles and Motorcycles,11,2,0,Pro,11 retail + logistics posts. careers.ky gives you direct pipeline year-round.,,
211,Cayman Fashion Group Ltd. T/a Soles & Polo,50,Other Services,Wholesale and Retail Trade; Repair of Motor Vehicles and Motorcycles,10,5,0,Pro,10 retail + logistics posts. careers.ky gives you direct pipeline year-round.,,
212,V2 Value And Variety Ltd.,50,Other Services,Wholesale and Retail Trade; Repair of Motor Vehicles and Motorcycles,10,1,0,Pro,10 retail + logistics posts. careers.ky gives you direct pipeline year-round.,,
213,Delrosa M. Myles T/a Dynasty Construction & Maintenance Services,48,Construction & Contractors,Construction,19,12,0,Pro,"19 positions, price-sensitive budget. careers.ky eliminates recruiter markup entirely.",,
214,Seaitch Ltd,48,Other Services,Professional,19,16,22470,Pro,19 hires. careers.ky takes the work permit headache out. Skip the recruiter middleman.,,
215,R&m Enterprise Holdings Ltd. T/a Indecor Finishing,48,Construction & Contractors,Construction,18,10,0,Pro,"18 positions, price-sensitive budget. careers.ky eliminates recruiter markup entirely.",,
216,Ana Elizabeth Salgado Madrid T/a Angel Construction Company,48,Construction & Contractors,Construction,18,6,0,Pro,"18 positions, price-sensitive budget. careers.ky eliminates recruiter markup entirely.",,
217,Sandra Jackson T/a Avil Construction,48,Construction & Contractors,Construction,17,13,0,Pro,"17 positions, price-sensitive budget. careers.ky eliminates recruiter markup entirely.",,
218,Island Paving (1985) Ltd.,48,Construction & Contractors,Construction,16,4,0,Pro,"16 positions, price-sensitive budget. careers.ky eliminates recruiter markup entirely.",,
219,Otis Air-conditioning Ltd. T/a Otis Air-conditioning Ltd,48,Construction & Contractors,Construction,16,2,0,Pro,"16 positions, price-sensitive budget. careers.ky eliminates recruiter markup entirely.",,
220,Arch And Godfrey (cayman) Ltd.,48,Accounting & Audit (Big 4 + local),Construction,15,8,0,Pro,"15 positions, price-sensitive budget. careers.ky eliminates recruiter markup entirely.",,
221,Talas Mechanical Industries Ltd. T/a Cayman Mechanical Company,48,Construction & Contractors,Construction,15,7,0,Pro,"15 positions, price-sensitive budget. careers.ky eliminates recruiter markup entirely.",,
222,Corporate Electrical Services Ltd T/a Corporate Electric,48,Construction & Contractors,Construction,15,6,0,Pro,"15 positions, price-sensitive budget. careers.ky eliminates recruiter markup entirely.",,
223,Gustavo Enrique Soto Quezada T/a Soto Development,48,Construction & Contractors,Construction,15,9,0,Pro,"15 positions, price-sensitive budget. careers.ky eliminates recruiter markup entirely.",,
224,H&a Group,48,Construction & Contractors,Construction,15,8,0,Pro,"15 positions, price-sensitive budget. careers.ky eliminates recruiter markup entirely.",,
225,Island Air Conditioning & Mechanical Ltd.,48,Construction & Contractors,Construction,15,4,0,Pro,"15 positions, price-sensitive budget. careers.ky eliminates recruiter markup entirely.",,
226,Paragon Ltd T/a Paragon Builders,48,Construction & Contractors,Construction,14,4,0,Pro,"14 positions, price-sensitive budget. careers.ky eliminates recruiter markup entirely.",,
227,Morritts Properties Cayman Limited  T/A Morritts Tortuga ,48,Other Services,Unknown,14,14,27338,Pro,"14 hires. careers.ky direct: eliminate recruiter fees (~CI$42,000 saved annually).",,
228,Rashane R. Mcfarlane T/a Caypro Remodelers,48,Construction & Contractors,Construction,14,4,0,Pro,"14 positions, price-sensitive budget. careers.ky eliminates recruiter markup entirely.",,
229,Phoenix Limited T/a Phoenix Construction,48,Construction & Contractors,Construction,14,12,0,Pro,"14 positions, price-sensitive budget. careers.ky eliminates recruiter markup entirely.",,
230,Kp's Home And Development Ltd.,48,Construction & Contractors,Construction,14,6,0,Pro,"14 positions, price-sensitive budget. careers.ky eliminates recruiter markup entirely.",,
231,Garrison Industries,48,Construction & Contractors,Construction,14,6,0,Pro,"14 positions, price-sensitive budget. careers.ky eliminates recruiter markup entirely.",,
232,Robson Construction (cayman) Ltd. T/a Robson Construction Cayman Ltd.,48,Construction & Contractors,Construction,14,6,0,Pro,"14 positions, price-sensitive budget. careers.ky eliminates recruiter markup entirely.",,
233,Tryden Roofing Ltd. T/a Tryden Roofing,48,Construction & Contractors,Construction,14,7,0,Pro,"14 positions, price-sensitive budget. careers.ky eliminates recruiter markup entirely.",,
234,A1 Plumbing Services Ltd.,48,Construction & Contractors,Construction,14,4,0,Pro,"14 positions, price-sensitive budget. careers.ky eliminates recruiter markup entirely.",,
235,HOSPITALITY SERVICES LTD. T/A HOSPITALITY SERVICES LTD,48,Healthcare & Medical,Unknown,13,13,29848,Pro,"13 hires. careers.ky direct: eliminate recruiter fees (~CI$39,000 saved annually).",,
236,Shepperd Construction Ltd,48,Construction & Contractors,Construction,13,4,0,Pro,"13 positions, price-sensitive budget. careers.ky eliminates recruiter markup entirely.",,
237,Scotts Equipment Ltd,48,Other Services,Mining and Quarrying,13,6,28080,Pro,"13 hires. careers.ky direct: eliminate recruiter fees (~CI$39,000 saved annually).",,
238,Polar Bear Air Conditioning,48,Construction & Contractors,Construction,12,3,0,Pro,"12 positions, price-sensitive budget. careers.ky eliminates recruiter markup entirely.",,
239,Technowall Ltd.,48,Construction & Contractors,Construction,12,3,0,Pro,"12 positions, price-sensitive budget. careers.ky eliminates recruiter markup entirely.",,
240,Granite Express Cayman T/a Granite Express,48,Construction & Contractors,Construction,12,3,0,Pro,"12 positions, price-sensitive budget. careers.ky eliminates recruiter markup entirely.",,
241,Hyacinth Mcdonald T/a Mhm,48,Construction & Contractors,Construction,12,3,0,Pro,"12 positions, price-sensitive budget. careers.ky eliminates recruiter markup entirely.",,
242,Ruth Ann Fionie Mcfarlane,48,Construction & Contractors,Construction,12,2,0,Pro,"12 positions, price-sensitive budget. careers.ky eliminates recruiter markup entirely.",,
243,Edwin Martinez T/a J& E Construction,48,Construction & Contractors,Construction,12,8,0,Pro,"12 positions, price-sensitive budget. careers.ky eliminates recruiter markup entirely.",,
244,PYRAMID CAYMAN HOTEL SERVICES ,48,Hotels & Resorts,Unknown,12,12,24333,Pro,"12 hires. careers.ky direct: eliminate recruiter fees (~CI$36,000 saved annually).",,
245,Reliable Electrical Contractor Company Ltd,48,Construction & Contractors,Construction,12,8,0,Pro,"12 positions, price-sensitive budget. careers.ky eliminates recruiter markup entirely.",,
246,Ambience General Contractors (2015)ltd.,48,Construction & Contractors,Construction,11,4,0,Pro,"11 positions, price-sensitive budget. careers.ky eliminates recruiter markup entirely.",,
247,Superior Drywall Ltd T/a Superior Drywall,48,Construction & Contractors,Construction,11,8,0,Pro,"11 positions, price-sensitive budget. careers.ky eliminates recruiter markup entirely.",,
248,Androgroup Ltd,48,Construction & Contractors,Construction,11,2,0,Pro,"11 positions, price-sensitive budget. careers.ky eliminates recruiter markup entirely.",,
249,Mcalpine Limited,48,Construction & Contractors,Construction,11,7,0,Pro,"11 positions, price-sensitive budget. careers.ky eliminates recruiter markup entirely.",,
250,Hyacinth Mcdonald T/a Krshm Remodleing & Construction,48,Construction & Contractors,Construction,11,0,0,Pro,"11 positions, price-sensitive budget. careers.ky eliminates recruiter markup entirely.",,
251,Pro Plus Construction Limited,48,Construction & Contractors,Construction,11,1,0,Pro,"11 positions, price-sensitive budget. careers.ky eliminates recruiter markup entirely.",,
252,Ductfab Cayman Ltd. T/a Hvac Duct Supply And Fabrication,48,Construction & Contractors,Construction,11,5,0,Pro,"11 positions, price-sensitive budget. careers.ky eliminates recruiter markup entirely.",,
253,Ip Driver Projects Ltd,48,Construction & Contractors,Construction,11,4,0,Pro,"11 positions, price-sensitive budget. careers.ky eliminates recruiter markup entirely.",,
254,Vantage Group Limited,48,Other Services,Professional,11,8,20768,Pro,11 hires. careers.ky takes the work permit headache out. Skip the recruiter middleman.,,
255,Marvin Travis Benitez T/a Power House Construction,48,Construction & Contractors,Construction,10,4,0,Pro,"10 positions, price-sensitive budget. careers.ky eliminates recruiter markup entirely.",,
256,Ncb Construction Ltd,48,Construction & Contractors,Construction,10,5,0,Pro,"10 positions, price-sensitive budget. careers.ky eliminates recruiter markup entirely.",,
257,Samuel Farrington-martinez T/a Marz Construction,48,Construction & Contractors,Construction,10,7,0,Pro,"10 positions, price-sensitive budget. careers.ky eliminates recruiter markup entirely.",,
258,Denia Walker T/a P& D Construction,48,Construction & Contractors,Construction,10,9,0,Pro,"10 positions, price-sensitive budget. careers.ky eliminates recruiter markup entirely.",,
259,Jermaine Glenbert Thompson,48,Construction & Contractors,Construction,10,3,0,Pro,"10 positions, price-sensitive budget. careers.ky eliminates recruiter markup entirely.",,
260,Virtue Holdings Ltd. T/a Virtue Construction,48,Construction & Contractors,Construction,10,5,0,Pro,"10 positions, price-sensitive budget. careers.ky eliminates recruiter markup entirely.",,
261,Owc Hr & Immigration Services Ltd.,46,Other Services,Professional,18,9,0,Pro,18 hires. careers.ky takes the work permit headache out. Skip the recruiter middleman.,,
262,Renee Myles T/a Helping Hand Solutions,46,Other Services,Professional,17,4,0,Pro,17 hires. careers.ky takes the work permit headache out. Skip the recruiter middleman.,,
263,Island Recycling Ltd.,46,Other Services,Water Supply; Sewerage,17,8,0,Pro,"17 hires. careers.ky direct: eliminate recruiter fees (~CI$51,000 saved annually).",,
264,Island Waste Carriers T/a Iwc,46,Automotive & Marine,Water Supply; Sewerage,15,9,0,Pro,"15 hires. careers.ky direct: eliminate recruiter fees (~CI$45,000 saved annually).",,
265,Cayman Diving,46,Transportation & Logistics,Transportation and Storage,15,4,0,Pro,"15 hires. careers.ky direct: eliminate recruiter fees (~CI$45,000 saved annually).",,
266,Watler & Hislop Services Limited T/a Watler & Hislop Services,46,Transportation & Logistics,Transportation and Storage,15,4,0,Pro,"15 hires. careers.ky direct: eliminate recruiter fees (~CI$45,000 saved annually).",,
267,Imagine Cayman Ltd. T/a Sandbar,46,Other Services,Arts,15,6,0,Pro,"15 hires. careers.ky direct: eliminate recruiter fees (~CI$45,000 saved annually).",,
268,Ngu Group Ltd.,46,Other Services,Professional,14,6,0,Pro,14 hires. careers.ky takes the work permit headache out. Skip the recruiter middleman.,,
269,Hermes Corporate Services Ltd.,46,Other Services,Professional,13,4,0,Pro,13 hires. careers.ky takes the work permit headache out. Skip the recruiter middleman.,,
270,Appleby (cayman) Ltd.,46,Offshore Law Firms,Professional,13,5,0,Pro,13 hires. careers.ky takes the work permit headache out. Skip the recruiter middleman.,,
271,George A. Powell T/a Union Heavy Equipment & Transportation,46,Transportation & Logistics,Transportation and Storage,13,5,0,Pro,"13 hires. careers.ky direct: eliminate recruiter fees (~CI$39,000 saved annually).",,
272,Entech-environmental Technologies Ltd T/a Entech,46,Technology & Fintech,Water Supply; Sewerage,12,8,0,Pro,"12 hires. careers.ky direct: eliminate recruiter fees (~CI$36,000 saved annually).",,
273,Professioinal Yacht Management Ltd.,46,Manufacturing & Industrial,Manufacturing,12,5,0,Pro,"12 hires. careers.ky direct: eliminate recruiter fees (~CI$36,000 saved annually).",,
274,Professional Waste Management Limited,46,Other Services,Water Supply; Sewerage,12,5,0,Pro,"12 hires. careers.ky direct: eliminate recruiter fees (~CI$36,000 saved annually).",,
275,Dolphin Discovery (cayman) Ltd.,46,Other Services,Arts,11,9,0,Pro,"11 hires. careers.ky direct: eliminate recruiter fees (~CI$33,000 saved annually).",,
276,The First Baptist Church Of Grand Cayman,46,Non-Profit & Religious,Other Service Activities,11,3,0,Pro,"11 hires. careers.ky direct: eliminate recruiter fees (~CI$33,000 saved annually).",,
277,Meraki Wellness Ltd.,46,"Fitness, Beauty & Wellness",Other Service Activities,11,7,0,Pro,"11 hires. careers.ky direct: eliminate recruiter fees (~CI$33,000 saved annually).",,
278,Kwwoodwork Ltd.,46,Manufacturing & Industrial,Manufacturing,11,5,0,Pro,"11 hires. careers.ky direct: eliminate recruiter fees (~CI$33,000 saved annually).",,
279,C.p.m.k. Holdings Ltd,46,Transportation & Logistics,Transportation and Storage,11,5,0,Pro,"11 hires. careers.ky direct: eliminate recruiter fees (~CI$33,000 saved annually).",,
280,Golf Management Services (cayman) Ltd.,46,Other Services,Arts,11,3,0,Pro,"11 hires. careers.ky direct: eliminate recruiter fees (~CI$33,000 saved annually).",,
281,Katerine Montero Paniagua,46,Other Services,Arts,10,3,0,Pro,"10 hires. careers.ky direct: eliminate recruiter fees (~CI$30,000 saved annually).",,
282,Ncvo,46,Other Services,Other Service Activities,10,3,0,Pro,"10 hires. careers.ky direct: eliminate recruiter fees (~CI$30,000 saved annually).",,
283,Capt. Marvin's Watersports Ltd T/a Anna's Watersports,46,Transportation & Logistics,Transportation and Storage,10,4,0,Pro,"10 hires. careers.ky direct: eliminate recruiter fees (~CI$30,000 saved annually).",,
284,Berman Fisher Limited T/a Hlb Berman Fisher,46,Accounting & Audit (Big 4 + local),Professional,10,6,0,Pro,10 hires. careers.ky takes the work permit headache out. Skip the recruiter middleman.,,
285,Nail Room,46,"Fitness, Beauty & Wellness",Other Service Activities,10,6,0,Pro,"10 hires. careers.ky direct: eliminate recruiter fees (~CI$30,000 saved annually).",,
286,Kroll (cayman) Limited,46,Other Services,Professional,10,4,0,Pro,10 hires. careers.ky takes the work permit headache out. Skip the recruiter middleman.,,
287,Ddl Studio Ltd,46,Other Services,Professional,10,7,0,Pro,10 hires. careers.ky takes the work permit headache out. Skip the recruiter middleman.,,
288,Lynford A. Pandophie T/a Cowboy Town Stables,46,Other Services,Agriculture,10,3,0,Pro,"10 hires. careers.ky direct: eliminate recruiter fees (~CI$30,000 saved annually).",,
289,Minerva Private Ltd,46,Education & Training,Education,8,5,48000,Pro,8 teaching + admin roles. careers.ky connects you with qualified local talent faster.,,
290,Richard's Parchment,45,Other Services,Administrative and Support Service Activities,17,5,21598,Pro,"17 hires. careers.ky direct: eliminate recruiter fees (~CI$51,000 saved annually).",,
291,Heritage Holdings Ltd.,45,Real Estate & Property Management,Real Estate Activities,9,4,0,Pro,"9 hires. careers.ky direct: eliminate recruiter fees (~CI$27,000 saved annually).",,
292,Smb Realty Ltd,45,Real Estate & Property Management,Real Estate Activities,8,3,0,Pro,"8 hires. careers.ky direct: eliminate recruiter fees (~CI$24,000 saved annually).",,
293,Island Electronics (security & Monitoring) Ltd.,43,Security Services,Administrative and Support Service Activities,17,13,0,Pro,"17 hires. careers.ky direct: eliminate recruiter fees (~CI$51,000 saved annually).",,
294,Pool Patrol Limited,43,Other Services,Administrative and Support Service Activities,16,7,0,Pro,"16 hires. careers.ky direct: eliminate recruiter fees (~CI$48,000 saved annually).",,
295,Celebrations Group Ltd. T/a Celebrations,43,Other Services,Administrative and Support Service Activities,15,8,0,Pro,"15 hires. careers.ky direct: eliminate recruiter fees (~CI$45,000 saved annually).",,
296,Shamrock Heights Development Co.; Ltd. T/a Signature Landscaping,43,Other Services,Administrative and Support Service Activities,14,9,0,Pro,"14 hires. careers.ky direct: eliminate recruiter fees (~CI$42,000 saved annually).",,
297,Oasis.ky Ltd,43,Other Services,Administrative and Support Service Activities,13,10,0,Pro,"13 hires. careers.ky direct: eliminate recruiter fees (~CI$39,000 saved annually).",,
298,Sdm Ltd,43,Other Services,Administrative and Support Service Activities,10,4,0,Pro,"10 hires. careers.ky direct: eliminate recruiter fees (~CI$30,000 saved annually).",,
299,Elite Security Ltd,43,Security Services,Administrative and Support Service Activities,10,5,0,Pro,"10 hires. careers.ky direct: eliminate recruiter fees (~CI$30,000 saved annually).",,
300,Heritage Hr Ltd.,43,Other Services,Administrative and Support Service Activities,10,6,0,Pro,"10 hires. careers.ky direct: eliminate recruiter fees (~CI$30,000 saved annually).",,
301,Rsm Professional Services Ii (cayman) Ltd.,43,Accounting & Audit (Big 4 + local),Administrative and Support Service Activities,10,6,0,Pro,"10 hires. careers.ky direct: eliminate recruiter fees (~CI$30,000 saved annually).",,
302,Infinity Broadband Ltd,43,Technology & Fintech,Information and Communication,9,2,0,Pro,"9 hires. careers.ky direct: eliminate recruiter fees (~CI$27,000 saved annually).",,
303,Compass Media Limited,43,Media & Communications,Information and Communication,8,3,0,Pro,"8 hires. careers.ky direct: eliminate recruiter fees (~CI$24,000 saved annually).",,
304,Vistra (Cayman) Limited,43,Fund Administration & Corporate Services,Unknown,8,8,114231,Pro,"8 hires. careers.ky direct: eliminate recruiter fees (~CI$24,000 saved annually).",,
305,Grand Harbour Medical Centre,43,Healthcare & Medical,Human Health and Social Work Activities,8,4,36000,Pro,"Medical recruitment shouldn't cost CI$57,600+. careers.ky: streamlined hiring, same quality talent.",,
306,Clm Network Limited T/a Clm Publishing & Christian Lifestyle,43,Media & Communications,Information and Communication,8,3,0,Pro,"8 hires. careers.ky direct: eliminate recruiter fees (~CI$24,000 saved annually).",,
307,It Outsource Ltd,43,Technology & Fintech,Information and Communication,8,6,0,Pro,"8 hires. careers.ky direct: eliminate recruiter fees (~CI$24,000 saved annually).",,
308,Cayman Theraplay Ltd,43,Healthcare & Medical,Human Health and Social Work Activities,7,1,20475,Pro,"Medical recruitment shouldn't cost CI$28,665+. careers.ky: streamlined hiring, same quality talent.",,
309,MAPLESFS SERVICE COMPANY LIMITED,43,Fund Administration & Corporate Services,Unknown,7,7,242143,Pro,"7 hires. careers.ky direct: eliminate recruiter fees (~CI$21,000 saved annually).",✓,
310,Mahogany Works Limited,42,Construction & Contractors,Construction,7,3,81900,Pro,"7 positions, price-sensitive budget. careers.ky eliminates recruiter markup entirely.",,
311,Montessori By The Sea Ltd,41,Education & Training,Education,9,2,0,Pro,9 teaching + admin roles. careers.ky connects you with qualified local talent faster.,,
312,G & H Holdings T/a Tiny Tots Academy & Development Center,41,Education & Training,Education,9,3,0,Pro,9 teaching + admin roles. careers.ky connects you with qualified local talent faster.,,
313,Cayman Rehab Services,41,Healthcare & Medical,Human Health and Social Work Activities,8,3,0,Pro,"Medical recruitment shouldn't cost CI$80,000+. careers.ky: streamlined hiring, same quality talent.",,
314,Kidsability Ltd.,41,Healthcare & Medical,Human Health and Social Work Activities,8,2,0,Pro,"Medical recruitment shouldn't cost CI$80,000+. careers.ky: streamlined hiring, same quality talent.",,
315,Quallent Pharmaceuticals Health; Llc T/a Quallent Pharmaceuticals,41,Healthcare & Medical,Human Health and Social Work Activities,8,3,0,Pro,"Medical recruitment shouldn't cost CI$80,000+. careers.ky: streamlined hiring, same quality talent.",,
316,Ccmi,41,Education & Training,Education,7,5,0,Pro,7 teaching + admin roles. careers.ky connects you with qualified local talent faster.,,
317,Cayman Hospicecare,41,Healthcare & Medical,Human Health and Social Work Activities,7,1,0,Pro,"Medical recruitment shouldn't cost CI$70,000+. careers.ky: streamlined hiring, same quality talent.",,
318,Cayman Medical Ltd,41,Healthcare & Medical,Human Health and Social Work Activities,7,6,0,Pro,"Medical recruitment shouldn't cost CI$70,000+. careers.ky: streamlined hiring, same quality talent.",,
319,Footsteps School,41,Education & Training,Education,7,1,0,Pro,7 teaching + admin roles. careers.ky connects you with qualified local talent faster.,,
320,Advance Automotive Ltd.,40,Automotive & Marine,Wholesale and Retail Trade; Repair of Motor Vehicles and Motorcycles,8,6,58800,Pro,8 retail + logistics posts. careers.ky gives you direct pipeline year-round.,,
321,Car Clinic Ltd,40,Healthcare & Medical,Wholesale and Retail Trade; Repair of Motor Vehicles and Motorcycles,8,6,40248,Pro,8 retail + logistics posts. careers.ky gives you direct pipeline year-round.,,
322,Casanova's By The Sea,38,Other Services,Accommodation and Food Service Activities,9,6,0,Pro,"You posted 9 jobs for seasonal staff. careers.ky: instant access, no recruiter markup.",,
323,Clean Cayman Ltd,38,Other Services,Accommodation and Food Service Activities,9,5,0,Pro,"You posted 9 jobs for seasonal staff. careers.ky: instant access, no recruiter markup.",,
324,Fourque Ltd T/a Lloyd's Smokehouse And Grill,38,Restaurants & F&B,Accommodation and Food Service Activities,9,5,0,Pro,"You posted 9 jobs for seasonal staff. careers.ky: instant access, no recruiter markup.",,
325,Old Dutch T/a The Alexander Hotel,38,Other Services,Accommodation and Food Service Activities,9,3,0,Pro,"You posted 9 jobs for seasonal staff. careers.ky: instant access, no recruiter markup.",,
326,Club Alfredo Ltd.,38,Other Services,Accommodation and Food Service Activities,9,6,0,Pro,"You posted 9 jobs for seasonal staff. careers.ky: instant access, no recruiter markup.",,
327,Mario's Hospitality Services Ltd.,38,Healthcare & Medical,Accommodation and Food Service Activities,9,6,0,Pro,"You posted 9 jobs for seasonal staff. careers.ky: instant access, no recruiter markup.",,
328,Thai Group Ltd. T/a Thai Orchid,38,Restaurants & F&B,Accommodation and Food Service Activities,9,3,0,Pro,"You posted 9 jobs for seasonal staff. careers.ky: instant access, no recruiter markup.",,
329,Singh's Roti Shop,38,Restaurants & F&B,Accommodation and Food Service Activities,9,6,0,Pro,"You posted 9 jobs for seasonal staff. careers.ky: instant access, no recruiter markup.",,
330,S.e.s. Investments Ltd.,38,Other Services,Accommodation and Food Service Activities,9,4,0,Pro,"You posted 9 jobs for seasonal staff. careers.ky: instant access, no recruiter markup.",,
331,Bogart Limited T/a Ristorante Pappagallo,38,Other Services,Accommodation and Food Service Activities,8,3,0,Pro,"You posted 8 jobs for seasonal staff. careers.ky: instant access, no recruiter markup.",,
332,Spettacolo T/a Gelato & Co,38,Other Services,Accommodation and Food Service Activities,8,6,0,Pro,"You posted 8 jobs for seasonal staff. careers.ky: instant access, no recruiter markup.",,
333,Barbara & Grayson Liberty T/a Libertys Restaurant,38,Restaurants & F&B,Accommodation and Food Service Activities,7,4,0,Pro,"You posted 7 jobs for seasonal staff. careers.ky: instant access, no recruiter markup.",,
334,Pane & Pasta Ltd. T/a Pane & Pasta,38,Other Services,Accommodation and Food Service Activities,7,7,0,Pro,"You posted 7 jobs for seasonal staff. careers.ky: instant access, no recruiter markup.",,
335,Harbour View Wine Bar Ltd T/a South West Collective,38,Restaurants & F&B,Accommodation and Food Service Activities,7,5,0,Pro,"You posted 7 jobs for seasonal staff. careers.ky: instant access, no recruiter markup.",,
336,Ar's Forward Ltd T/a Mobile Food Truck Lunch At Abby's,38,Restaurants & F&B,Accommodation and Food Service Activities,7,5,0,Pro,"You posted 7 jobs for seasonal staff. careers.ky: instant access, no recruiter markup.",,
337,One Stop Grill Ltd. T/a One Stop Grill,38,Restaurants & F&B,Accommodation and Food Service Activities,7,3,0,Pro,"You posted 7 jobs for seasonal staff. careers.ky: instant access, no recruiter markup.",,
338,The Falls Steakhouse T/a The Falls Steakhouse,38,Other Services,Accommodation and Food Service Activities,7,0,0,Pro,"You posted 7 jobs for seasonal staff. careers.ky: instant access, no recruiter markup.",,
339,La Casita Ltd. T/a La Casita,38,Other Services,Accommodation and Food Service Activities,7,3,0,Pro,"You posted 7 jobs for seasonal staff. careers.ky: instant access, no recruiter markup.",,
340,Roger Espinal T/a Spanglish Bar & Grill,38,Restaurants & F&B,Accommodation and Food Service Activities,7,6,0,Pro,"You posted 7 jobs for seasonal staff. careers.ky: instant access, no recruiter markup.",,
341,George Town Yacht Club,38,Automotive & Marine,Accommodation and Food Service Activities,7,2,0,Pro,"You posted 7 jobs for seasonal staff. careers.ky: instant access, no recruiter markup.",,
342,Treats Ltd,38,Other Services,Accommodation and Food Service Activities,7,5,0,Pro,"You posted 7 jobs for seasonal staff. careers.ky: instant access, no recruiter markup.",,
343,OASIS.KY LTD,36,Other Services,Unknown,9,9,49769,Pro,"9 hires. careers.ky direct: eliminate recruiter fees (~CI$27,000 saved annually).",,
344,Cayman AMS Immigration Consulting Ltd.,36,Professional Consulting,Unknown,7,7,41786,Pro,"7 hires. careers.ky direct: eliminate recruiter fees (~CI$21,000 saved annually).",,
345,Topimex Distributors Ltd.,35,Other Services,Wholesale and Retail Trade; Repair of Motor Vehicles and Motorcycles,9,5,0,Pro,9 retail + logistics posts. careers.ky gives you direct pipeline year-round.,,
346,The Well Ltd.,35,Other Services,Wholesale and Retail Trade; Repair of Motor Vehicles and Motorcycles,9,5,0,Pro,9 retail + logistics posts. careers.ky gives you direct pipeline year-round.,,
347,Eden Rock Diving Center Ltd,35,Dive & Tourism Operators,Wholesale and Retail Trade; Repair of Motor Vehicles and Motorcycles,9,6,0,Pro,9 retail + logistics posts. careers.ky gives you direct pipeline year-round.,,
348,Island Opportunities (cayman) Ltd,35,Other Services,Wholesale and Retail Trade; Repair of Motor Vehicles and Motorcycles,9,8,0,Pro,9 retail + logistics posts. careers.ky gives you direct pipeline year-round.,,
349,Natasha'emporium Ltd T/a Caymart Hair And Beauty Supply,35,"Fitness, Beauty & Wellness",Wholesale and Retail Trade; Repair of Motor Vehicles and Motorcycles,9,4,0,Pro,9 retail + logistics posts. careers.ky gives you direct pipeline year-round.,,
350,Anna Hislop Home Ltd.,35,Other Services,Wholesale and Retail Trade; Repair of Motor Vehicles and Motorcycles,9,7,0,Pro,9 retail + logistics posts. careers.ky gives you direct pipeline year-round.,,
351,Marlowe Banks T/a Another Chance,35,Banking & Retail Finance,Wholesale and Retail Trade; Repair of Motor Vehicles and Motorcycles,8,1,0,Pro,8 retail + logistics posts. careers.ky gives you direct pipeline year-round.,,
352,Cellular World Ltd T/a Cellular World Retailer,35,Grocery & Retail,Wholesale and Retail Trade; Repair of Motor Vehicles and Motorcycles,8,3,0,Pro,8 retail + logistics posts. careers.ky gives you direct pipeline year-round.,,
353,Bluewater Medical Supplies Ltd. T/a Bluewater Medical Supplies Ltd,35,Healthcare & Medical,Wholesale and Retail Trade; Repair of Motor Vehicles and Motorcycles,8,3,0,Pro,8 retail + logistics posts. careers.ky gives you direct pipeline year-round.,,
354,Jason Reid T/a General Automotive Services,35,Automotive & Marine,Wholesale and Retail Trade; Repair of Motor Vehicles and Motorcycles,8,4,0,Pro,8 retail + logistics posts. careers.ky gives you direct pipeline year-round.,,
355,Campbell's Auto Repairs & Sales (c.a.r.s) Limited,35,Automotive & Marine,Wholesale and Retail Trade; Repair of Motor Vehicles and Motorcycles,8,5,0,Pro,8 retail + logistics posts. careers.ky gives you direct pipeline year-round.,,
356,Aluglass Ltd.,35,Other Services,Wholesale and Retail Trade; Repair of Motor Vehicles and Motorcycles,8,2,0,Pro,8 retail + logistics posts. careers.ky gives you direct pipeline year-round.,,
357,Crave Fashion Group,35,Other Services,Wholesale and Retail Trade; Repair of Motor Vehicles and Motorcycles,8,5,0,Pro,8 retail + logistics posts. careers.ky gives you direct pipeline year-round.,,
358,M.a.b. Ltd T/a Mike's Esso Seven Mile Beach (delworth's),35,Automotive & Marine,Wholesale and Retail Trade; Repair of Motor Vehicles and Motorcycles,8,3,0,Pro,8 retail + logistics posts. careers.ky gives you direct pipeline year-round.,,
359,Workplace Environments Ltd. T/a Workplace Environments And E-office Supplies,35,Other Services,Wholesale and Retail Trade; Repair of Motor Vehicles and Motorcycles,8,7,0,Pro,8 retail + logistics posts. careers.ky gives you direct pipeline year-round.,,
360,Good Guys Ltd T/a Good Guys Car Wash,35,Automotive & Marine,Wholesale and Retail Trade; Repair of Motor Vehicles and Motorcycles,8,5,0,Pro,8 retail + logistics posts. careers.ky gives you direct pipeline year-round.,,
361,Vampt Motors Ltd,35,Other Services,Wholesale and Retail Trade; Repair of Motor Vehicles and Motorcycles,8,2,0,Pro,8 retail + logistics posts. careers.ky gives you direct pipeline year-round.,,
362,Derma Ltd.,35,Other Services,Wholesale and Retail Trade; Repair of Motor Vehicles and Motorcycles,8,6,0,Pro,8 retail + logistics posts. careers.ky gives you direct pipeline year-round.,,
363,Mgj Motorsport Company Ltd,35,Other Services,Wholesale and Retail Trade; Repair of Motor Vehicles and Motorcycles,7,6,0,Pro,7 retail + logistics posts. careers.ky gives you direct pipeline year-round.,,
364,Advanced Medical Group Ltd T/a Aventis Dental And Facial Aesthetics,35,Healthcare & Medical,Wholesale and Retail Trade; Repair of Motor Vehicles and Motorcycles,7,3,0,Pro,7 retail + logistics posts. careers.ky gives you direct pipeline year-round.,,
365,Eagle Properties T/a Ashley Furniture Homestore,35,Accounting & Audit (Big 4 + local),Wholesale and Retail Trade; Repair of Motor Vehicles and Motorcycles,7,6,0,Pro,7 retail + logistics posts. careers.ky gives you direct pipeline year-round.,,
366,Advanced Land Holdings Ltd T/A Refuel,35,Automotive & Marine,Wholesale and Retail Trade; Repair of Motor Vehicles and Motorcycles,7,2,0,Pro,7 retail + logistics posts. careers.ky gives you direct pipeline year-round.,,
367,Elite Marble & Granite Ltd,35,Other Services,Wholesale and Retail Trade; Repair of Motor Vehicles and Motorcycles,7,3,0,Pro,7 retail + logistics posts. careers.ky gives you direct pipeline year-round.,,
368,Barcam (cayman) Ltd. T/a Barcam Esso,35,Automotive & Marine,Wholesale and Retail Trade; Repair of Motor Vehicles and Motorcycles,7,3,0,Pro,7 retail + logistics posts. careers.ky gives you direct pipeline year-round.,,
369,Mango Group Limited,35,Construction & Contractors,Construction,7,2,25740,Pro,"7 positions, price-sensitive budget. careers.ky eliminates recruiter markup entirely.",,
370,Arch Worldwide Ltd T/a Arch Automotive,35,Automotive & Marine,Wholesale and Retail Trade; Repair of Motor Vehicles and Motorcycles,7,4,0,Pro,7 retail + logistics posts. careers.ky gives you direct pipeline year-round.,,
371,Mccormick Global Ingredients Limited (agent),35,Other Services,Wholesale and Retail Trade; Repair of Motor Vehicles and Motorcycles,7,1,0,Pro,7 retail + logistics posts. careers.ky gives you direct pipeline year-round.,,
372,Msv Limited T/a Cayman Classic Mobile Detailing,35,Automotive & Marine,Wholesale and Retail Trade; Repair of Motor Vehicles and Motorcycles,7,1,0,Pro,7 retail + logistics posts. careers.ky gives you direct pipeline year-round.,,
373,Gaylia Elaine Edwards T/a Edwards Construction & Maintenance,33,Construction & Contractors,Construction,9,3,0,Pro,"9 positions, price-sensitive budget. careers.ky eliminates recruiter markup entirely.",,
374,Kemito Jerome Petrie T/a K-urban Builders Ltd,33,Construction & Contractors,Construction,9,7,0,Pro,"9 positions, price-sensitive budget. careers.ky eliminates recruiter markup entirely.",,
375,Omar Rayon Aiken T/a 56 West Construction & Janitorial,33,Construction & Contractors,Construction,9,5,0,Pro,"9 positions, price-sensitive budget. careers.ky eliminates recruiter markup entirely.",,
376,Cooling Pros Ltd. T/a Cooling Pros,33,Construction & Contractors,Construction,9,3,0,Pro,"9 positions, price-sensitive budget. careers.ky eliminates recruiter markup entirely.",,
377,Daisy M. Griffiths T/a D&m Construction And Repairs,33,Construction & Contractors,Construction,9,3,0,Pro,"9 positions, price-sensitive budget. careers.ky eliminates recruiter markup entirely.",,
378,Ruel Brown T/a Precise Construction,33,Construction & Contractors,Construction,9,4,0,Pro,"9 positions, price-sensitive budget. careers.ky eliminates recruiter markup entirely.",,
379,Kdp Construction & Colours Ltd. T/a Kdp Construction & Colours,33,Construction & Contractors,Construction,9,6,0,Pro,"9 positions, price-sensitive budget. careers.ky eliminates recruiter markup entirely.",,
380,Global Services Int'l (cayman) Ltd T/aessential Construction & Repairs,33,Construction & Contractors,Construction,9,4,0,Pro,"9 positions, price-sensitive budget. careers.ky eliminates recruiter markup entirely.",,
381,United Contracting Ltd T/a Ucl,33,Construction & Contractors,Construction,9,3,0,Pro,"9 positions, price-sensitive budget. careers.ky eliminates recruiter markup entirely.",,
382,Lavonida Edwards T/a S&l Advanced Plumbing & Construction,33,Construction & Contractors,Construction,9,4,0,Pro,"9 positions, price-sensitive budget. careers.ky eliminates recruiter markup entirely.",,
383,Kozaily Designs Ltd.,33,Construction & Contractors,Construction,9,2,0,Pro,"9 positions, price-sensitive budget. careers.ky eliminates recruiter markup entirely.",,
384,I & M Turkish Construction Ltd.,33,Construction & Contractors,Construction,9,9,0,Pro,"9 positions, price-sensitive budget. careers.ky eliminates recruiter markup entirely.",,
385,Tgcs Ltd,33,Construction & Contractors,Construction,9,6,0,Pro,"9 positions, price-sensitive budget. careers.ky eliminates recruiter markup entirely.",,
386,Ara Construction Ltd,33,Construction & Contractors,Construction,9,5,0,Pro,"9 positions, price-sensitive budget. careers.ky eliminates recruiter markup entirely.",,
387,Kdp Construction & Colours Ltd. T/a Colours,33,Construction & Contractors,Construction,9,4,0,Pro,"9 positions, price-sensitive budget. careers.ky eliminates recruiter markup entirely.",,
388,Under The Almond Tree Ltd T/a Thistle General Contractor/maintenance,33,Construction & Contractors,Construction,9,6,0,Pro,"9 positions, price-sensitive budget. careers.ky eliminates recruiter markup entirely.",,
389,Patriann Smith T/a Kingsley Mcfarlane Construction,33,Accounting & Audit (Big 4 + local),Construction,9,2,0,Pro,"9 positions, price-sensitive budget. careers.ky eliminates recruiter markup entirely.",,
390,D&g Air Condition Services Ltd,33,Construction & Contractors,Construction,8,4,0,Pro,"8 positions, price-sensitive budget. careers.ky eliminates recruiter markup entirely.",,
391,Love Your Dog,33,Other Services,Agriculture,8,5,28742,Pro,"8 hires. careers.ky direct: eliminate recruiter fees (~CI$24,000 saved annually).",,
392,Lg-americaribe Cayman Joint Venture Ltd,33,Construction & Contractors,Construction,8,5,0,Pro,"8 positions, price-sensitive budget. careers.ky eliminates recruiter markup entirely.",,
393,Campbell's Welding & Construction Services Ltd.,33,Construction & Contractors,Construction,8,4,0,Pro,"8 positions, price-sensitive budget. careers.ky eliminates recruiter markup entirely.",,
394,Joel G Hydes T/a Sydia's Construction And Maintenance,33,Construction & Contractors,Construction,8,7,0,Pro,"8 positions, price-sensitive budget. careers.ky eliminates recruiter markup entirely.",,
395,National Concrete Ltd.,33,Construction & Contractors,Construction,8,4,0,Pro,"8 positions, price-sensitive budget. careers.ky eliminates recruiter markup entirely.",,
396,Mante Taffe And Balvin Wallace T/a Multiproject Construction,33,Construction & Contractors,Construction,8,3,0,Pro,"8 positions, price-sensitive budget. careers.ky eliminates recruiter markup entirely.",,
397,Lg Contracting Ltd,33,Construction & Contractors,Construction,8,2,0,Pro,"8 positions, price-sensitive budget. careers.ky eliminates recruiter markup entirely.",,
398,Clive N. Matthews T/a Toppic Construction,33,Construction & Contractors,Construction,8,4,0,Pro,"8 positions, price-sensitive budget. careers.ky eliminates recruiter markup entirely.",,
399,Davenport Development Ltd. T/a Davenport Construction - General Contractor,33,Construction & Contractors,Construction,8,5,0,Pro,"8 positions, price-sensitive budget. careers.ky eliminates recruiter markup entirely.",,
400,Gustavo Enrique Soto Quezada T/a Proroofing,33,Construction & Contractors,Construction,8,5,0,Pro,"8 positions, price-sensitive budget. careers.ky eliminates recruiter markup entirely.",,
401,C & M Group Of Companies T/a Open C Construction,33,Construction & Contractors,Construction,8,6,0,Pro,"8 positions, price-sensitive budget. careers.ky eliminates recruiter markup entirely.",,
402,Dwainey Wilson T/a Dwainey Construction,33,Accounting & Audit (Big 4 + local),Construction,8,7,0,Pro,"8 positions, price-sensitive budget. careers.ky eliminates recruiter markup entirely.",,
403,Gloria Range T/a G.r. Construction And Steel Work,33,Construction & Contractors,Construction,8,4,0,Pro,"8 positions, price-sensitive budget. careers.ky eliminates recruiter markup entirely.",,
404,Modern Electrical Ltd T/a Modern Electrical,33,Construction & Contractors,Construction,8,1,0,Pro,"8 positions, price-sensitive budget. careers.ky eliminates recruiter markup entirely.",,
405,Devaka Enterprise Ltd T/a Agile Construction Services,33,Construction & Contractors,Construction,8,2,0,Pro,"8 positions, price-sensitive budget. careers.ky eliminates recruiter markup entirely.",,
406,Amb Construction Ltd. T/a Amb Construction,33,Construction & Contractors,Construction,8,2,0,Pro,"8 positions, price-sensitive budget. careers.ky eliminates recruiter markup entirely.",,
407,WE Ltd T/A Rum Point Club,33,Other Services,Unknown,8,8,35408,Pro,"8 hires. careers.ky direct: eliminate recruiter fees (~CI$24,000 saved annually).",,
408,Cayman Precast Systems,33,Construction & Contractors,Construction,8,7,0,Pro,"8 positions, price-sensitive budget. careers.ky eliminates recruiter markup entirely.",,
409,B&e Construction Co. Ltd,33,Construction & Contractors,Construction,8,3,0,Pro,"8 positions, price-sensitive budget. careers.ky eliminates recruiter markup entirely.",,
410,Kenhugh Herman Thomas T/a True Green Construction And Maintenance,33,Construction & Contractors,Construction,8,3,0,Pro,"8 positions, price-sensitive budget. careers.ky eliminates recruiter markup entirely.",,
411,Jhaklin Patricia Cano-rivera T/a Alpha Plus Construction,33,Construction & Contractors,Construction,8,3,0,Pro,"8 positions, price-sensitive budget. careers.ky eliminates recruiter markup entirely.",,
412,Hill Construction Company Ltd,33,Construction & Contractors,Construction,7,4,0,Pro,"7 positions, price-sensitive budget. careers.ky eliminates recruiter markup entirely.",,
413,Rigid General Construction Ltd.,33,Construction & Contractors,Construction,7,1,0,Pro,"7 positions, price-sensitive budget. careers.ky eliminates recruiter markup entirely.",,
414,Lo Parsons & Co Ltd T/a Parsons Air Conditioning-refrigeration & Applainces,33,Construction & Contractors,Construction,7,3,0,Pro,"7 positions, price-sensitive budget. careers.ky eliminates recruiter markup entirely.",,
415,Cooling Cayman Ltd,33,Other Services,Other Service Activities,7,7,21450,Pro,"7 hires. careers.ky direct: eliminate recruiter fees (~CI$21,000 saved annually).",,
416,Nozak Ltd T/a Nozak Construction And Maintenance,33,Construction & Contractors,Construction,7,3,0,Pro,"7 positions, price-sensitive budget. careers.ky eliminates recruiter markup entirely.",,
417,Allstar Construction Co. Ltd. T/a Allstar Construction,33,Construction & Contractors,Construction,7,4,0,Pro,"7 positions, price-sensitive budget. careers.ky eliminates recruiter markup entirely.",,
418,Dynamic Construction Ltd. T/a Dynamic Construction Ltd.,33,Construction & Contractors,Construction,7,2,0,Pro,"7 positions, price-sensitive budget. careers.ky eliminates recruiter markup entirely.",,
419,Sanpik Contracting Cayman Ltd.,33,Other Services,Water Supply; Sewerage,7,4,25000,Pro,"7 hires. careers.ky direct: eliminate recruiter fees (~CI$21,000 saved annually).",,
420,Eaairs Services And Repairs Limited,33,Construction & Contractors,Construction,7,0,0,Pro,"7 positions, price-sensitive budget. careers.ky eliminates recruiter markup entirely.",,
421,S&m Constrution Ltd. T/a S&m Construction Ltd.,33,Construction & Contractors,Construction,7,3,0,Pro,"7 positions, price-sensitive budget. careers.ky eliminates recruiter markup entirely.",,
422,Wendel Construction Ltd.,33,Construction & Contractors,Construction,7,2,0,Pro,"7 positions, price-sensitive budget. careers.ky eliminates recruiter markup entirely.",,
423,Webster's Tours Ltd.,31,Transportation & Logistics,Transportation and Storage,9,4,0,Pro,"9 hires. careers.ky direct: eliminate recruiter fees (~CI$27,000 saved annually).",,
424,Rsm Professional Services Ltd. T/a Rsm Ps,31,Accounting & Audit (Big 4 + local),Professional,9,5,0,Pro,9 hires. careers.ky takes the work permit headache out. Skip the recruiter middleman.,,
425,The Neptune Company Ltd,31,Transportation & Logistics,Transportation and Storage,9,1,0,Pro,"9 hires. careers.ky direct: eliminate recruiter fees (~CI$27,000 saved annually).",,
426,Onyx Limited,31,Other Services,Professional,9,3,0,Pro,9 hires. careers.ky takes the work permit headache out. Skip the recruiter middleman.,,
427,Cayman Linen Services Ltd.,31,Other Services,Other Service Activities,9,4,0,Pro,"9 hires. careers.ky direct: eliminate recruiter fees (~CI$27,000 saved annually).",,
428,C.i. Precast Ltd,31,Manufacturing & Industrial,Manufacturing,9,2,0,Pro,"9 hires. careers.ky direct: eliminate recruiter fees (~CI$27,000 saved annually).",,
429,Island Energy Ltd. T/a Cayman Brac Power & Light,31,Utilities & Telecoms,Electricity,9,1,0,Pro,"9 hires. careers.ky direct: eliminate recruiter fees (~CI$27,000 saved annually).",,
430,Kaleidoscope Holdings Ltd/international Design Group,31,Other Services,Arts,9,5,0,Pro,"9 hires. careers.ky direct: eliminate recruiter fees (~CI$27,000 saved annually).",,
431,Cay 9 Resort Ltd. T/a Cay 9 Resort And Spa,31,"Fitness, Beauty & Wellness",Other Service Activities,9,4,0,Pro,"9 hires. careers.ky direct: eliminate recruiter fees (~CI$27,000 saved annually).",,
432,Pareg Bella Ventures Co. Ltd.; T/a Man Cave Grooming Lounge,31,"Fitness, Beauty & Wellness",Other Service Activities,9,2,0,Pro,"9 hires. careers.ky direct: eliminate recruiter fees (~CI$27,000 saved annually).",,
433,Marine Power Ltd,31,Utilities & Telecoms,Manufacturing,9,7,0,Pro,"9 hires. careers.ky direct: eliminate recruiter fees (~CI$27,000 saved annually).",,
434,Lux Spa & Salon Ltd,31,"Fitness, Beauty & Wellness",Other Service Activities,8,4,0,Pro,"8 hires. careers.ky direct: eliminate recruiter fees (~CI$24,000 saved annually).",,
435,Pestkil Ltd.,31,Manufacturing & Industrial,Manufacturing,8,3,0,Pro,"8 hires. careers.ky direct: eliminate recruiter fees (~CI$24,000 saved annually).",,
436,Bdo Cayman Ltd,31,Accounting & Audit (Big 4 + local),Professional,8,1,0,Pro,8 hires. careers.ky takes the work permit headache out. Skip the recruiter middleman.,,
437,Rajmar Holdings Ltd T/a Spacation,31,"Fitness, Beauty & Wellness",Other Service Activities,8,5,0,Pro,"8 hires. careers.ky direct: eliminate recruiter fees (~CI$24,000 saved annually).",,
438,Stuarts Walker Hersant Humphries,31,Offshore Law Firms,Professional,8,6,0,Pro,8 hires. careers.ky takes the work permit headache out. Skip the recruiter middleman.,,
439,Pivac Agency Ltd T/a Dolls Lash & Beauty Lounge,31,"Fitness, Beauty & Wellness",Other Service Activities,8,6,0,Pro,"8 hires. careers.ky direct: eliminate recruiter fees (~CI$24,000 saved annually).",,
440,Keilen Mcfield-jackson T/a A+ Home Care Services,31,Automotive & Marine,Activities of Households as Employers; Undifferentiated Goods- And Services-Producing Activities of Households for Own Use,8,7,0,Pro,"8 hires. careers.ky direct: eliminate recruiter fees (~CI$24,000 saved annually).",,
441,Pooley Cabinets Industries Ltd.,31,Accounting & Audit (Big 4 + local),Manufacturing,8,3,0,Pro,"8 hires. careers.ky direct: eliminate recruiter fees (~CI$24,000 saved annually).",,
442,Anchor Tours (cayman) Ltd. T/a Anchor Tours,31,Transportation & Logistics,Transportation and Storage,8,7,0,Pro,"8 hires. careers.ky direct: eliminate recruiter fees (~CI$24,000 saved annually).",,
443,Desyouth Omar Chambers T/a Island Hospitality,31,Healthcare & Medical,Professional,8,4,0,Pro,8 hires. careers.ky takes the work permit headache out. Skip the recruiter middleman.,,
444,First Alliance Group T/a Netclues,31,Technology & Fintech,Professional,8,3,0,Pro,8 hires. careers.ky takes the work permit headache out. Skip the recruiter middleman.,,
445,Industrial Services & Equipment Ltd.,31,Manufacturing & Industrial,Water Supply; Sewerage,8,7,0,Pro,"8 hires. careers.ky direct: eliminate recruiter fees (~CI$24,000 saved annually).",,
446,Mellanda & Peter Habib,31,Other Services,Activities of Households as Employers; Undifferentiated Goods- And Services-Producing Activities of Households for Own Use,8,4,0,Pro,"8 hires. careers.ky direct: eliminate recruiter fees (~CI$24,000 saved annually).",,
447,Rodney's Ltd T/a Rodney's Barber,31,Accounting & Audit (Big 4 + local),Other Service Activities,8,1,0,Pro,"8 hires. careers.ky direct: eliminate recruiter fees (~CI$24,000 saved annually).",,
448,Strategic Risk Solutions (cayman) Limited,31,Other Services,Professional,7,2,0,Pro,7 hires. careers.ky takes the work permit headache out. Skip the recruiter middleman.,,
449,On Edge Limited,31,Other Services,Other Service Activities,7,2,0,Pro,"7 hires. careers.ky direct: eliminate recruiter fees (~CI$21,000 saved annually).",,
450,Marc I. Wood & Judy Wood-seymour T/a William & Marc Quarry Services,31,Accounting & Audit (Big 4 + local),Mining and Quarrying,7,1,0,Pro,"7 hires. careers.ky direct: eliminate recruiter fees (~CI$21,000 saved annually).",,
451,Bedell Cristin Formerly Solomon Harris,31,Offshore Law Firms,Professional,7,2,0,Pro,7 hires. careers.ky takes the work permit headache out. Skip the recruiter middleman.,,
452,Cayman Dispatch Services Ltd,31,Transportation & Logistics,Transportation and Storage,7,1,0,Pro,"7 hires. careers.ky direct: eliminate recruiter fees (~CI$21,000 saved annually).",,
453,Burton Group Ltd. T/a Bliss Bar & Lounge & Nightclub,31,Other Services,Arts,7,6,0,Pro,"7 hires. careers.ky direct: eliminate recruiter fees (~CI$21,000 saved annually).",,
454,Spa To Go Ltd.t/a Spa To Go-avec Moi,31,"Fitness, Beauty & Wellness",Other Service Activities,7,7,0,Pro,"7 hires. careers.ky direct: eliminate recruiter fees (~CI$21,000 saved annually).",,
455,Pivac Agency Ltd,31,Other Services,Professional,7,5,0,Pro,7 hires. careers.ky takes the work permit headache out. Skip the recruiter middleman.,,
456,Grant Thornton Specialist Services (cayman) Limited,31,Accounting & Audit (Big 4 + local),Professional,7,4,0,Pro,7 hires. careers.ky takes the work permit headache out. Skip the recruiter middleman.,,
457,Bcqs,31,Other Services,Professional,7,3,0,Pro,7 hires. careers.ky takes the work permit headache out. Skip the recruiter middleman.,,
458,Cayman Car Rental Ltd. T/a Pretty Woman Lash Bar,31,"Fitness, Beauty & Wellness",Other Service Activities,7,4,0,Pro,"7 hires. careers.ky direct: eliminate recruiter fees (~CI$21,000 saved annually).",,
459,Sean Dobson,31,Other Services,Other Service Activities,7,4,0,Pro,"7 hires. careers.ky direct: eliminate recruiter fees (~CI$21,000 saved annually).",,
460,Ironshore Security; Ltd.,30,Security Services,Administrative and Support Service Activities,7,5,20475,Pro,"7 hires. careers.ky direct: eliminate recruiter fees (~CI$21,000 saved annually).",,
461,Cayman Turtle Conservation And Education Centre Ltd.,28,Dive & Tourism Operators,Administrative and Support Service Activities,9,3,0,Pro,"9 hires. careers.ky direct: eliminate recruiter fees (~CI$27,000 saved annually).",,
462,The Pool Store Limited,28,Other Services,Administrative and Support Service Activities,9,3,0,Pro,"9 hires. careers.ky direct: eliminate recruiter fees (~CI$27,000 saved annually).",,
463,Power Flower Ltd.,28,Utilities & Telecoms,Administrative and Support Service Activities,9,2,0,Pro,"9 hires. careers.ky direct: eliminate recruiter fees (~CI$27,000 saved annually).",,
464,Angelique Nicole Mcloughlin T/a Pm Consultancy,28,Other Services,Administrative and Support Service Activities,9,4,0,Pro,"9 hires. careers.ky direct: eliminate recruiter fees (~CI$27,000 saved annually).",,
465,Cayman Platinnum Janitorial Ltd,28,Other Services,Administrative and Support Service Activities,9,3,0,Pro,"9 hires. careers.ky direct: eliminate recruiter fees (~CI$27,000 saved annually).",,
466,Nadine Mcbean T/a All About Admin Ltd,28,Other Services,Administrative and Support Service Activities,8,3,0,Pro,"8 hires. careers.ky direct: eliminate recruiter fees (~CI$24,000 saved annually).",,
467,Cayman Handi Services Ltd.,28,Other Services,Administrative and Support Service Activities,8,4,0,Pro,"8 hires. careers.ky direct: eliminate recruiter fees (~CI$24,000 saved annually).",,
468,Vigoro Nursery Ltd.,28,Other Services,Administrative and Support Service Activities,8,4,0,Pro,"8 hires. careers.ky direct: eliminate recruiter fees (~CI$24,000 saved annually).",,
469,ROSE GADSBY T/A CSS JANITORIAL SERVICES,28,Other Services,Administrative and Support Service Activities,8,6,0,Pro,"8 hires. careers.ky direct: eliminate recruiter fees (~CI$24,000 saved annually).",,
470,Richard W. Ebanks T/a Rich Gardeners,28,Banking & Retail Finance,Administrative and Support Service Activities,7,5,0,Pro,"7 hires. careers.ky direct: eliminate recruiter fees (~CI$21,000 saved annually).",,
471,Nadia M. Powery,28,Utilities & Telecoms,Administrative and Support Service Activities,7,3,0,Pro,"7 hires. careers.ky direct: eliminate recruiter fees (~CI$21,000 saved annually).",,
472,K9 Security Services Ltd,28,Security Services,Administrative and Support Service Activities,7,1,0,Pro,"7 hires. careers.ky direct: eliminate recruiter fees (~CI$21,000 saved annually).",,
473,The Group Ltd,28,Other Services,Administrative and Support Service Activities,7,3,0,Pro,"7 hires. careers.ky direct: eliminate recruiter fees (~CI$21,000 saved annually).",,
,Cayman Islands Monetary Authority,95,Government & Statutory Bodies,Financial and Insurance Activities,69,32,101294,Enterprise,"69 positions at CI$101,294 avg. That's CI$1,397,000+ in recruiter fees. careers.ky: CI$9,588/year Enterprise.",,✓
,Health City Cayman Islands,75,Government & Statutory Bodies,Human Health and Social Work Activities,64,27,30000,Enterprise,You posted 64 jobs last year. careers.ky gives you direct access to Caymanian talent for every one of them.,,✓
,The University College Of The Cayman Islands,66,Government & Statutory Bodies,Education,42,30,0,Enterprise,42 teaching + admin roles. careers.ky connects you with qualified local talent faster.,,✓
,The Roman Catholic Archbishop Of The Cayman Islands,46,Government & Statutory Bodies,Other Service Activities,18,6,0,Pro,"18 hires. careers.ky direct: eliminate recruiter fees (~CI$54,000 saved annually).",,✓
,Water Authority-cayman,46,Government & Statutory Bodies,Water Supply; Sewerage,18,11,0,Pro,"18 hires. careers.ky direct: eliminate recruiter fees (~CI$54,000 saved annually).",,✓
,Cayman Islands Urgent Care; Ltd. T/a Doctors Express,56,Government & Statutory Bodies,Human Health and Social Work Activities,17,5,0,Pro,"Medical recruitment shouldn't cost CI$170,000+. careers.ky: streamlined hiring, same quality talent.",,✓
,The Cayman Islands Humane Society,51,Government & Statutory Bodies,Agriculture,14,9,58435,Pro,"14 hires. careers.ky direct: eliminate recruiter fees (~CI$42,000 saved annually).",,✓
,Cayman Islands Conference Of Seventh-day Adventists,46,Government & Statutory Bodies,Other Service Activities,13,7,0,Pro,"13 hires. careers.ky direct: eliminate recruiter fees (~CI$39,000 saved annually).",,✓
,Legal Services Supervisory Authority,51,Government & Statutory Bodies,Professional,11,10,43000,Pro,11 hires. careers.ky takes the work permit headache out. Skip the recruiter middleman.,,✓
,Citco Fund Services (cayman Islands) Limited,66,Government & Statutory Bodies,Financial and Insurance Activities,11,4,0,Pro,"11 positions at 0K avg. careers.ky: direct to talent, zero recruiter fees.",,✓
,Alvarez & Marsal Cayman Islands Limited,66,Government & Statutory Bodies,Financial and Insurance Activities,11,5,0,Pro,"11 positions at 0K avg. careers.ky: direct to talent, zero recruiter fees.",,✓
,The Cayman Islands Brewery Ltd.,46,Government & Statutory Bodies,Manufacturing,10,3,0,Pro,"10 hires. careers.ky direct: eliminate recruiter fees (~CI$30,000 saved annually).",,✓
,Cable & Wireless (Cayman Islands) Limited,58,Government & Statutory Bodies,Information and Communication,10,5,0,Pro,"10 hires. careers.ky direct: eliminate recruiter fees (~CI$30,000 saved annually).",,✓
,Cayman Islands Monetary Authority,95,Government & Statutory Bodies,Financial and Insurance Activities,69,32,101294,Enterprise,"69 positions at CI$101,294 avg. That's CI$1,397,000+ in recruiter fees. careers.ky: CI$9,588/year Enterprise.",,✓
,Health City Cayman Islands,75,Government & Statutory Bodies,Human Health and Social Work Activities,64,27,30000,Enterprise,You posted 64 jobs last year. careers.ky gives you direct access to Caymanian talent for every one of them.,,✓
,The University College Of The Cayman Islands,66,Government & Statutory Bodies,Education,42,30,0,Enterprise,42 teaching + admin roles. careers.ky connects you with qualified local talent faster.,,✓
,Citco Fund Services (cayman Islands) Limited,66,Government & Statutory Bodies,Financial and Insurance Activities,11,4,0,Pro,"11 positions at 0K avg. careers.ky: direct to talent, zero recruiter fees.",,✓
,Alvarez & Marsal Cayman Islands Limited,66,Government & Statutory Bodies,Financial and Insurance Activities,11,5,0,Pro,"11 positions at 0K avg. careers.ky: direct to talent, zero recruiter fees.",,✓
,Cable & Wireless (Cayman Islands) Limited,58,Government & Statutory Bodies,Information and Communication,10,5,0,Pro,"10 hires. careers.ky direct: eliminate recruiter fees (~CI$30,000 saved annually).",,✓
,Cayman Islands Urgent Care; Ltd. T/a Doctors Express,56,Government & Statutory Bodies,Human Health and Social Work Activities,17,5,0,Pro,"Medical recruitment shouldn't cost CI$170,000+. careers.ky: streamlined hiring, same quality talent.",,✓
,The Cayman Islands Humane Society,51,Government & Statutory Bodies,Agriculture,14,9,58435,Pro,"14 hires. careers.ky direct: eliminate recruiter fees (~CI$42,000 saved annually).",,✓
,Legal Services Supervisory Authority,51,Government & Statutory Bodies,Professional,11,10,43000,Pro,11 hires. careers.ky takes the work permit headache out. Skip the recruiter middleman.,,✓
,The Roman Catholic Archbishop Of The Cayman Islands,46,Government & Statutory Bodies,Other Service Activities,18,6,0,Pro,"18 hires. careers.ky direct: eliminate recruiter fees (~CI$54,000 saved annually).",,✓
,Water Authority-cayman,46,Government & Statutory Bodies,Water Supply; Sewerage,18,11,0,Pro,"18 hires. careers.ky direct: eliminate recruiter fees (~CI$54,000 saved annually).",,✓
,Cayman Islands Conference Of Seventh-day Adventists,46,Government & Statutory Bodies,Other Service Activities,13,7,0,Pro,"13 hires. careers.ky direct: eliminate recruiter fees (~CI$39,000 saved annually).",,✓
,The Cayman Islands Brewery Ltd.,46,Government & Statutory Bodies,Manufacturing,10,3,0,Pro,"10 hires. careers.ky direct: eliminate recruiter fees (~CI$30,000 saved annually).",,✓
